10000;
;.
3200;.
2800;.
2700;.
2500;.
2600;.
2600;.
2700;.
2600;.
2700;.
3300;.
2600;.
2900;.
2700;.
2500;.
2300;.
2500;.
2300;.
2300;.
2500;.
2400;.
2300;.
2300;.
2500;.
2900;.
2700;.
2800;.
2500;.
3900;.
2600;.
3900;.
3000;.
2400;.
2300;.
2300;.
2200;.
2300;.
2200;.
2200;.
2200;.
2300;.
2200;.
2300;.
2300;.
2300;.
2200;.
2200;.
2100;.
2200;.
2200;.
2100;.
2100;.
2200;.
2300;.
2500;.
2700;.
2800;.
2400;.
2400;.
2400;.
2400;.
2400;.
2600;.
3400;.
2500;.
2300;.
2200;.
4400;.
2200;.
2100;.
2200;.
2100;.
2200;.
2200;.
2200;.
2200;.
2100;.
2400;.
2100;.
2200;.
2200;.
2300;.
2200;.
2200;.
2200;.
2200;.
2200;.
2200;.
2100;.
2300;.
3100;.
2200;.
2200;.
2200;.
2200;.
2300;.
2300;.
2600;.
2200;.
2200;.
2200;.
2200;.
2100;.
2100;.
2200;.
2200;.
2200;.
2100;.
2200;.
2100;.
2100;.
2100;.
2200;.
2200;.
2200;.
2200;.
2200;.
2200;.
2100;.
2200;.
2100;.
2200;.
2100;.
2100;.
3200;.
2300;.
2400;.
2100;.
2200;.
2200;.
2100;.
2100;.
2200;.
2100;.
2200;.
2200;.
2100;.
2200;.
2100;.
2100;.
2200;.
2200;.
2400;.
2300;.
2200;.
2200;.
2200;.
2200;.
2200;.
2100;.
2100;.
2100;.
2100;.
2100;.
2100;.
2100;.
2100;.
2100;.
2200;.
2200;.
2900;.
2100;.
2100;.
2100;.
2000;.
2200;.
2100;.
2100;.
2100;.
2100;.
2100;.
2100;.
2200;.
2200;.
2100;.
2200;.
2100;.
2100;.
2200;.
2200;.
2100;.
2100;.
2100;.
3000;.
2200;.
2100;.
2100;.
2100;.
2100;.
2100;.
2100;.
2200;.
2100;.
2100;.
2100;.
2000;.
2700;.
2200;.
2200;.
2100;.
2100;.
2200;.
2200;.
2200;.
2100;.
2200;.
2200;.
;.
2200;.
2200;.
2200;.
2500;.
2500;.
2200;.
2200;.
2400;.
2100;.
2200;.
2200;.
2300;.
2100;.
2100;.
2100;.
2100;.
2100;.
2200;.
2200;.
2100;.
2100;.
2100;.
2100;.
2200;.
2100;.
2200;.
2100;.
2100;.
2100;.
2200;.
2200;.
2300;.
2100;.
2200;.
2100;.
2100;.
2100;.
2100;.
2100;.
2100;.
2400;.
2100;.
2200;.
2000;.
2200;.
3000;.
2200;.
2100;.
2100;.
2200;.
2200;.
2200;.
2100;.
2300;.
2300;.
2600;.
2500;.
2500;.
2100;.
2700;.
2200;.
2300;.
2400;.
2500;.
3100;.
2300;.
2100;.
2600;.
5600;.
;.
3000;.
2300;.
2100;.
2100;.
2200;.
2200;.
2200;.
2100;.
2100;.
2200;.
2200;.
2200;.
2100;.
2200;.
2200;.
2200;.
2000;.
2200;.
2100;.
2300;.
2100;.
2200;.
2100;.
2100;.
2100;.
2100;.
2100;.
2000;.
2100;.
2100;.
2100;.
2200;.
2200;.
2100;.
2100;.
2100;.
2100;.
2100;.
2100;.
2400;.
2100;.
2200;.
2100;.
2100;.
2200;.
2200;.
2100;.
2100;.
2100;.
2100;.
2100;.
2100;.
2100;.
2000;.
2100;.
2200;.
2100;.
2100;.
2100;.
2100;.
2100;.
2100;.
2000;.
2100;.
2100;.
2200;.
2100;.
2100;.
2900;.
2100;.
2100;.
2100;.
2100;.
2200;.
2100;.
2200;.
2100;.
2100;.
2100;.
2200;.
2100;.
2100;.
2100;.
2100;.
2100;.
2100;.
2200;.
2100;.
2300;.
2100;.
2100;.
2200;.
2200;.
2100;.
2100;.
2200;.
2100;.
2100;.
2000;.
2100;.
2100;.
2200;.
2100;.
2100;.
2200;.
2100;.
2300;.
2200;.
2200;.
2100;.
2200;.
2200;.
2100;.
2200;.
2100;.
2300;.
2700;.
2100;.
2100;.
2100;.
2100;.
2200;.
2200;.
2000;.
2100;.
2200;.
2100;.
2100;.
2400;.
2000;.
2000;.
2100;.
2200;.
2200;.
2100;.
2200;.
2100;.
2100;.
3000;.
2100;.
2400;.
2100;.
2200;.
2100;.
2200;.
2200;.
2100;.
2200;.
2200;.
2200;.
2100;.
2100;.
2100;.
2200;.
2100;.
2200;.
2100;.
2100;.
2200;.
2200;.
2100;.
2900;.
2100;.
2100;.
2100;.
2100;.
2200;.
2200;.
2100;.
;.
2200;.
2200;.
2100;.
2100;.
2200;.
2200;.
2300;.
2100;.
2100;.
2100;.
2100;.
2100;.
2200;.
2100;.
2100;.
2200;.
2200;.
2300;.
2100;.
2100;.
2000;.
2200;.
2200;.
2200;.
2100;.
2200;.
2100;.
4700;.
2500;.
2400;.
2300;.
2200;.
2300;.
2200;.
2200;.
2200;.
2200;.
2200;.
2100;.
2200;.
2200;.
2200;.
2200;.
2200;.
2100;.
2200;.
2200;.
2200;.
2200;.
2200;.
2200;.
2100;.
2100;.
2200;.
2100;.
2200;.
2200;.
3100;.
2300;.
2200;.
2200;.
2100;.
2100;.
2200;.
2200;.
2200;.
2200;.
2100;.
2200;.
2200;.
2200;.
2200;.
2200;.
2200;.
2200;.
2100;.
2200;.
2100;.
2100;.
2100;.
2200;.
2100;.
2200;.
2200;.
2200;.
2200;.
2100;.
2200;.
2100;.
2100;.
2300;.
2200;.
2200;.
2100;.
2100;.
2200;.
2200;.
2200;.
2100;.
2200;.
2100;.
2200;.
2200;.
2100;.
2100;.
2200;.
2200;.
2100;.
2100;.
2100;.
2200;.
2200;.
2200;.
2200;.
2200;.
2300;.
2200;.
2200;.
2100;.
2200;.
2200;.
2200;.
2200;.
2400;.
2200;.
2300;.
2200;.
2200;.
2200;.
2100;.
2200;.
2100;.
2100;.
;.
2200;.
2000;.
2200;.
2200;.
2200;.
2100;.
2100;.
2200;.
2200;.
2300;.
2600;.
2200;.
2200;.
2200;.
2100;.
2200;.
3500;.
2200;.
2100;.
2100;.
2300;.
2200;.
2100;.
2200;.
2100;.
2100;.
2200;.
2100;.
2100;.
2100;.
2200;.
2100;.
2100;.
2100;.
2200;.
2200;.
2100;.
2100;.
2200;.
2100;.
2200;.
2200;.
2100;.
2200;.
2100;.
2200;.
2100;.
2100;.
2100;.
2100;.
2100;.
2100;.
2100;.
2200;.
2100;.
2100;.
2200;.
2100;.
2600;.
2300;.
2200;.
2200;.
2300;.
2200;.
2300;.
2300;.
2200;.
2400;.
2300;.
2500;.
2400;.
2500;.
2500;.
2300;.
2100;.
2200;.
2500;.
2500;.
2200;.
2500;.
2100;.
2100;.
2100;.
2200;.
2100;.
2100;.
3000;.
2100;.
2100;.
2100;.
2200;.
2100;.
2100;.
2100;.
2200;.
2100;.
2200;.
2100;.
2200;.
2200;.
2100;.
2100;.
2200;.
2100;.
2200;.
2200;.
2100;.
2200;.
2200;.
3000;.
2100;.
2200;.
2200;.
2100;.
2100;.
2100;.
2100;.
2200;.
2200;.
2200;.
2200;.
2200;.
2200;.
2100;.
2100;.
2100;.
2100;.
2100;.
2100;.
2200;.
5000;.
2400;.
2300;.
2300;.
2300;.
2200;.
2200;.
2200;.
2200;.
2200;.
2200;.
2200;.
2200;.
2200;.
2100;.
2100;.
2200;.
2200;.
2200;.
2100;.
2100;.
2200;.
2200;.
2200;.
2200;.
2100;.
2200;.
2200;.
2100;.
2100;.
2100;.
2100;.
2100;.
2100;.
2200;.
2100;.
2100;.
2100;.
2100;.
2200;.
2100;.
2100;.
2100;.
2200;.
2200;.
5300;.
2200;.
2100;.
2100;.
2200;.
2100;.
2100;.
2100;.
2200;.
2100;.
2100;.
2100;.
2100;.
2200;.
2200;.
2200;.
2100;.
2500;.
2200;.
2100;.
2100;.
2100;.
2200;.
2100;.
2100;.
2200;.
2100;.
2200;.
2200;.
2200;.
2200;.
2200;.
2200;.
2100;.
2200;.
2200;.
2100;.
2200;.
2200;.
2100;.
2100;.
2200;.
2100;.
2100;.
2100;.
2200;.
2100;.
2200;.
2100;.
2100;.
2200;.
2200;.
2100;.
2100;.
2200;.
2200;.
2200;.
2100;.
2200;.
2100;.
2200;.
2200;.
2200;.
2200;.
2800;.
2200;.
2100;.
2200;.
2100;.
2200;.
3000;.
2300;.
2200;.
2200;.
2200;.
2200;.
2200;.
2200;.
2100;.
2200;.
2100;.
2300;.
2000;.
2100;.
2100;.
2200;.
2100;.
2100;.
2100;.
2200;.
2000;.
2100;.
2100;.
3000;.
2200;.
2100;.
2100;.
2100;.
2100;.
2100;.
2100;.
2200;.
2200;.
2100;.
2200;.
2100;.
2000;.
2200;.
2200;.
2100;.
2100;.
2100;.
2100;.
2200;.
2200;.
2200;.
2200;.
2200;.
2100;.
2200;.
2100;.
2200;.
2100;.
2300;.
2200;.
2100;.
2100;.
2200;.
2200;.
2100;.
2100;.
2100;.
2100;.
2100;.
2200;.
2100;.
2200;.
2100;.
2100;.
2200;.
2200;.
2100;.
2100;.
2100;.
2100;.
2100;.
2100;.
2100;.
2100;.
2100;.
2200;.
2200;.
2100;.
2100;.
2100;.
2100;.
2000;.
2200;.
2100;.
2200;.
2200;.
2100;.
2000;.
3000;.
2200;.
2100;.
2100;.
2000;.
2100;.
2100;.
2100;.
2200;.
2200;.
2200;.
2100;.
2100;.
2000;.
2300;.
2100;.
2200;.
2100;.
2000;.
2100;.
2100;.
2100;.
2100;.
2100;.
2100;.
2100;.
2100;.
2100;.
2100;.
2300;.
2200;.
2200;.
2200;.
2100;.
2100;.
2100;.
2300;.
2400;.
2100;.
2100;.
2200;.
2200;.
2100;.
2100;.
2200;.
2200;.
2200;.
2200;.
2200;.
2100;.
2200;.
2200;.
2100;.
2200;.
2100;.
2200;.
2200;.
2200;.
2200;.
2100;.
2200;.
2200;.
2100;.
2100;.
2100;.
2000;.
2200;.
2100;.
2100;.
2100;.
2200;.
2200;.
2100;.
2100;.
2200;.
2100;.
2100;.
2200;.
2100;.
2100;.
2100;.
2200;.
2200;.
2100;.
2100;.
2200;.
2100;.
2100;.
2200;.
2100;.
2200;.
2200;.
2200;.
2900;.
2100;.
2100;.
2100;.
2100;.
2200;.
2200;.
2100;.
2100;.
2100;.
2100;.
2200;.
2000;.
2100;.
2300;.
2300;.
2100;.
2100;.
2100;.
2100;.
2300;.
2500;.
2600;.
2300;.
2400;.
2300;.
2500;.
2900;.
2100;.
2000;.
2500;.
2800;.
2600;.
2100;.
2500;.
2100;.
2200;.
2100;.
2200;.
2100;.
2100;.
2200;.
2100;.
2200;.
2100;.
2200;.
2100;.
2100;.
2100;.
2100;.
2300;.
2200;.
2100;.
2200;.
2600;.
2200;.
2200;.
2200;.
2100;.
2100;.
2200;.
2200;.
2100;.
2100;.
2100;.
2100;.
2200;.
2100;.
2100;.
2100;.
2900;.
2100;.
2100;.
2300;.
2100;.
2100;.
2100;.
2100;.
2100;.
2100;.
2100;.
2100;.
2100;.
2200;.
2100;.
2100;.
2000;.
2100;.
2100;.
2200;.
2100;.
2100;.
2100;.
3000;.
2200;.
2100;.
2100;.
2200;.
2200;.
2100;.
2100;.
2100;.
2200;.
2100;.
2100;.
2100;.
2200;.
2200;.
2200;.
2200;.
2300;.
2300;.
2100;.
2200;.
2200;.
2200;.
2200;.
2400;.
2200;.
2100;.
2200;.
2100;.
2100;.
2200;.
2100;.
2100;.
2100;.
2100;.
2200;.
2100;.
2000;.
2100;.
2100;.
2300;.
2100;.
2000;.
2200;.
2200;.
2100;.
2100;.
2100;.
2100;.
2100;.
2100;.
2200;.
2200;.
2100;.
2100;.
2100;.
2200;.
2100;.
2100;.
2100;.
2200;.
2100;.
2200;.
2200;.
2600;.
2200;.
2100;.
2100;.
2100;.
2100;.
2900;.
2100;.
2100;.
2100;.
2100;.
2100;.
2100;.
2100;.
2100;.
2200;.
2100;.
2100;.
2100;.
2200;.
2200;.
2100;.
2200;.
2200;.
2100;.
2100;.
2100;.
2100;.
2100;.
2100;.
2100;.
2100;.
2100;.
2100;.
2200;.
2100;.
2100;.
2100;.
2100;.
2100;.
2100;.
2100;.
2200;.
2100;.
2100;.
2100;.
2100;.
2100;.
2100;.
2100;.
2100;.
2200;.
2100;.
2100;.
2100;.
2100;.
2400;.
2500;.
2200;.
2100;.
2100;.
2200;.
2100;.
2100;.
2100;.
2100;.
2100;.
2100;.
2100;.
2100;.
2100;.
2000;.
2200;.
2100;.
2100;.
2100;.
2100;.
2100;.
2100;.
2100;.
2100;.
2200;.
2100;.
2100;.
2200;.
2600;.
2100;.
2000;.
2000;.
2200;.
2100;.
2100;.
2200;.
2100;.
2000;.
2100;.
2100;.
2200;.
2100;.
2900;.
2000;.
2000;.
2100;.
2100;.
2100;.
2100;.
2000;.
2100;.
2100;.
2100;.
2100;.
2100;.
2100;.
2000;.
2200;.
2200;.
2100;.
2100;.
2100;.
2100;.
2100;.
2100;.
2100;.
2100;.
2100;.
2000;.
2100;.
2200;.
2100;.
2100;.
2100;.
2100;.
2100;.
2100;.
2100;.
2200;.
2100;.
2100;.
2100;.
2100;.
2200;.
2100;.
2100;.
2200;.
2000;.
2100;.
2100;.
2100;.
2100;.
2400;.
2100;.
2300;.
2200;.
2500;.
2200;.
2100;.
2100;.
2300;.
2100;.
2100;.
2100;.
2100;.
2200;.
2200;.
2100;.
2200;.
2100;.
2100;.
2600;.
3000;.
2200;.
2100;.
2100;.
2100;.
2100;.
2100;.
2200;.
2100;.
2100;.
2100;.
2200;.
2100;.
2100;.
2100;.
2100;.
2100;.
2100;.
2000;.
2100;.
2200;.
2100;.
2100;.
2900;.
2100;.
2100;.
2100;.
2100;.
2200;.
2100;.
2100;.
2100;.
2100;.
2200;.
2100;.
2200;.
2100;.
2100;.
2200;.
2100;.
2200;.
2200;.
2200;.
2200;.
2100;.
2200;.
2100;.
2200;.
2100;.
2100;.
2200;.
2100;.
2100;.
2100;.
2100;.
2100;.
2100;.
2100;.
2200;.
2100;.
2200;.
2200;.
2200;.
2100;.
2100;.
2200;.
2200;.
2300;.
2100;.
2100;.
2200;.
2100;.
2200;.
2200;.
2100;.
2100;.
2200;.
2100;.
2200;.
2100;.
2100;.
2100;.
2100;.
2100;.
2100;.
2100;.
2000;.
2300;.
2300;.
2200;.
2100;.
2100;.
2100;.
2900;.
2200;.
2100;.
2100;.
2100;.
2100;.
2100;.
2100;.
2100;.
2100;.
2100;.
2100;.
2100;.
2100;.
2300;.
2100;.
2100;.
2100;.
2100;.
2000;.
2100;.
2000;.
2100;.
2000;.
2200;.
2100;.
2100;.
2100;.
2000;.
2100;.
2100;.
2100;.
2100;.
2100;.
2100;.
2000;.
2200;.
2100;.
2200;.
2100;.
2100;.
2100;.
2100;.
2100;.
2100;.
2100;.
2100;.
2100;.
2200;.
2100;.
2100;.
2200;.
2200;.
2100;.
2100;.
2100;.
2100;.
2100;.
2100;.
2100;.
2100;.
2100;.
2300;.
2100;.
2200;.
2100;.
2200;.
2100;.
2100;.
2100;.
2100;.
2200;.
2200;.
2100;.
2200;.
2200;.
2100;.
2200;.
2100;.
2100;.
2200;.
2200;.
2300;.
2400;.
2200;.
2100;.
2200;.
2100;.
2100;.
2200;.
2200;.
2100;.
2100;.
3000;.
2100;.
2200;.
2100;.
2700;.
2200;.
2200;.
2100;.
2200;.
2200;.
2100;.
2200;.
2200;.
2100;.
2200;.
2200;.
2100;.
2100;.
2100;.
2100;.
2200;.
2100;.
2100;.
2100;.
2100;.
2100;.
2200;.
2100;.
2100;.
2100;.
2100;.
2100;.
2000;.
2100;.
2100;.
2200;.
2100;.
2100;.
2200;.
2100;.
2200;.
2100;.
2100;.
2100;.
2100;.
2100;.
2100;.
2200;.
2200;.
2100;.
2100;.
2100;.
2200;.
2200;.
2100;.
2100;.
2200;.
2100;.
2200;.
2200;.
2000;.
2100;.
2100;.
2200;.
;.
2400;.
2100;.
2100;.
2100;.
2100;.
2800;.
2100;.
2100;.
2100;.
2200;.
5400;.
4100;.
2500;.
2200;.
2100;.
2100;.
2100;.
2100;.
2100;.
2100;.
2100;.
2200;.
2100;.
2100;.
2100;.
2100;.
2100;.
2100;.
3000;.
2100;.
2100;.
2100;.
2200;.
3500;.
2500;.
2300;.
2400;.
2200;.
2300;.
2300;.
2200;.
2100;.
2900;.
2400;.
2300;.
2700;.
2500;.
2700;.
2200;.
2200;.
2200;.
2400;.
2200;.
2100;.
2300;.
2200;.
2100;.
2200;.
2100;.
2200;.
2100;.
2100;.
2200;.
2200;.
2100;.
2100;.
2600;.
2600;.
2900;.
2200;.
2100;.
2200;.
2100;.
2200;.
2200;.
2300;.
2100;.
2100;.
2300;.
2300;.
2700;.
2300;.
2100;.
2500;.
2100;.
2200;.
2200;.
2100;.
2200;.
2200;.
2500;.
2300;.
2100;.
2100;.
3100;.
2200;.
2200;.
2200;.
2900;.
2400;.
3900;.
2900;.
2700;.
2400;.
2200;.
2400;.
2300;.
2100;.
2100;.
2200;.
2300;.
2500;.
2600;.
2900;.
2600;.
2600;.
2300;.
2200;.
2200;.
2100;.
2100;.
2200;.
2100;.
2600;.
2100;.
2200;.
2200;.
2200;.
2200;.
2100;.
2100;.
2100;.
2100;.
2200;.
2300;.
2200;.
2100;.
2200;.
2100;.
2100;.
2100;.
2100;.
2100;.
2100;.
2200;.
2200;.
2200;.
2200;.
2100;.
2200;.
2100;.
2100;.
2100;.
2100;.
2000;.
2100;.
2100;.
2100;.
2200;.
2200;.
2100;.
2200;.
2100;.
2200;.
2100;.
2200;.
2100;.
2100;.
2200;.
2100;.
2200;.
2100;.
2200;.
2100;.
2100;.
2200;.
2100;.
2100;.
2000;.
2100;.
2200;.
2100;.
2100;.
2100;.
2200;.
2300;.
2000;.
2100;.
2100;.
2000;.
2100;.
3000;.
2100;.
2200;.
2100;.
2100;.
2100;.
2100;.
2100;.
2200;.
2100;.
2100;.
2100;.
2100;.
2100;.
2100;.
2200;.
2200;.
2100;.
2200;.
2200;.
2100;.
2100;.
2200;.
2100;.
2100;.
2100;.
2000;.
2200;.
2200;.
2000;.
2100;.
2100;.
2100;.
2100;.
2100;.
2100;.
2400;.
2200;.
2500;.
2200;.
2100;.
2100;.
2200;.
2200;.
2800;.
2600;.
2300;.
2300;.
2600;.
2300;.
2600;.
2700;.
2500;.
2100;.
2100;.
2100;.
2600;.
2100;.
2100;.
2100;.
2100;.
2100;.
3200;.
2400;.
2100;.
2100;.
2100;.
2100;.
2200;.
2100;.
2900;.
2100;.
2100;.
2100;.
2100;.
2200;.
2100;.
2100;.
2100;.
2100;.
2000;.
2200;.
2100;.
2200;.
2100;.
2100;.
2200;.
2200;.
2200;.
2100;.
2200;.
2100;.
2200;.
2900;.
2200;.
2100;.
2100;.
2100;.
2600;.
2200;.
2200;.
2200;.
2100;.
2200;.
2300;.
2100;.
2200;.
2100;.
2300;.
2200;.
2200;.
2100;.
2100;.
2200;.
2200;.
2100;.
2200;.
2100;.
2200;.
2200;.
2100;.
2200;.
2300;.
2200;.
2100;.
2100;.
2100;.
2100;.
2200;.
2100;.
2100;.
2200;.
2100;.
2100;.
2100;.
2100;.
2100;.
2000;.
2100;.
2100;.
3500;.
2300;.
2200;.
2200;.
2100;.
2100;.
2100;.
2100;.
2200;.
2100;.
2100;.
2100;.
2100;.
2100;.
2100;.
2100;.
2100;.
2100;.
2100;.
2100;.
2000;.
2100;.
2100;.
2900;.
2100;.
2200;.
2100;.
2100;.
2100;.
2100;.
2000;.
2100;.
2100;.
2100;.
2100;.
2100;.
2100;.
2100;.
2000;.
2100;.
2200;.
2200;.
2000;.
2100;.
2100;.
2200;.
2100;.
2200;.
2200;.
2100;.
2100;.
2100;.
2100;.
2300;.
2100;.
2100;.
2200;.
2100;.
2200;.
2000;.
2200;.
2100;.
2100;.
2000;.
2100;.
2100;.
2100;.
2100;.
2100;.
2100;.
2100;.
2100;.
2100;.
2100;.
2100;.
2200;.
2100;.
2100;.
2200;.
2100;.
2100;.
2200;.
2100;.
2100;.
2100;.
2200;.
2200;.
2100;.
2100;.
2100;.
2100;.
2100;.
2100;.
2100;.
2100;.
2400;.
2200;.
2100;.
2100;.
2100;.
2000;.
2000;.
2100;.
2100;.
2100;.
2100;.
2100;.
2100;.
2100;.
2100;.
2200;.
2200;.
2100;.
2100;.
2100;.
2200;.
3200;.
2200;.
2100;.
2100;.
2100;.
2200;.
2100;.
2200;.
2100;.
2200;.
2100;.
2100;.
2100;.
2100;.
2100;.
2000;.
2100;.
2100;.
2000;.
2100;.
2600;.
2300;.
2300;.
2200;.
2300;.
2100;.
2100;.
2200;.
2100;.
2200;.
2100;.
2100;.
2100;.
2200;.
2200;.
2100;.
2100;.
2100;.
2000;.
2100;.
2200;.
2200;.
2200;.
2200;.
2300;.
2100;.
2200;.
2100;.
2100;.
2200;.
2100;.
2100;.
2900;.
2400;.
2200;.
2200;.
2100;.
2200;.
2300;.
2200;.
2100;.
2100;.
2100;.
2100;.
2100;.
2200;.
2100;.
2000;.
2100;.
2200;.
3000;.
2200;.
2200;.
2200;.
2100;.
2100;.
2200;.
2100;.
2300;.
2200;.
2200;.
2100;.
2100;.
2200;.
2100;.
2200;.
2100;.
2100;.
2100;.
2100;.
2200;.
2100;.
2200;.
2900;.
2100;.
2100;.
2100;.
2100;.
2200;.
2100;.
2100;.
2100;.
2200;.
2200;.
2100;.
2100;.
2200;.
2100;.
2100;.
2100;.
2100;.
2100;.
2100;.
2200;.
2100;.
2100;.
2200;.
2200;.
2200;.
2100;.
2100;.
2200;.
2200;.
2200;.
2600;.
3300;.
2900;.
2600;.
3400;.
2400;.
2600;.
3800;.
2100;.
2700;.
2800;.
3200;.
2900;.
3200;.
2500;.
3200;.
4100;.
2500;.
2600;.
2200;.
2800;.
;.
2900;.
5200;.
;.
3200;.
5200;.
5600;.
5900;.
3800;.
3000;.
2300;.
2400;.
2200;.
2200;.
2600;.
4500;.
5100;.
2500;.
3600;.
2400;.
2600;.
;.
6100;.
7000;.
3500;.
2500;.
2800;.
2300;.
2200;.
2400;.
2400;.
2500;.
2600;.
2400;.
2800;.
2900;.
4000;.
4200;.
4400;.
2700;.
2300;.
2200;.
2900;.
2200;.
2300;.
2200;.
2300;.
4200;.
2400;.
2300;.
2200;.
2300;.
2200;.
2200;.
2200;.
2200;.
2200;.
2300;.
2200;.
2200;.
2200;.
2200;.
2200;.
2100;.
2200;.
2200;.
2200;.
2100;.
2200;.
2200;.
2100;.
2100;.
2100;.
2100;.
2200;.
2300;.
2300;.
2200;.
2100;.
2100;.
2100;.
2200;.
2200;.
2400;.
2300;.
2200;.
2200;.
2200;.
2100;.
2200;.
2300;.
2200;.
2200;.
2200;.
2400;.
2200;.
2200;.
2200;.
2200;.
2100;.
2100;.
2100;.
2100;.
2100;.
2100;.
2100;.
2300;.
2200;.
2100;.
2200;.
2100;.
3000;.
2200;.
2200;.
2200;.
2300;.
2200;.
2100;.
2200;.
2100;.
2200;.
2200;.
2200;.
2200;.
2200;.
2200;.
2300;.
2200;.
2200;.
2100;.
2200;.
2100;.
2100;.
2100;.
2100;.
2100;.
2100;.
2100;.
2100;.
2000;.
2100;.
2100;.
2100;.
2100;.
2200;.
2100;.
2100;.
2100;.
2100;.
2100;.
2100;.
2100;.
2100;.
2100;.
2100;.
2100;.
2100;.
2200;.
2100;.
2100;.
2200;.
2100;.
2200;.
2100;.
2100;.
2100;.
2000;.
2100;.
2100;.
2200;.
2100;.
2100;.
2200;.
2100;.
2100;.
2100;.
2100;.
2100;.
2100;.
2100;.
2200;.
2800;.
2100;.
2200;.
2100;.
2200;.
2200;.
2100;.
2200;.
2100;.
2100;.
2100;.
2100;.
2100;.
2200;.
2200;.
2100;.
2100;.
2200;.
2300;.
2100;.
2200;.
2100;.
2100;.
2900;.
2100;.
2100;.
2100;.
2100;.
2100;.
2200;.
2100;.
2200;.
2200;.
2100;.
2200;.
2300;.
2600;.
2200;.
2100;.
2100;.
2100;.
2000;.
2100;.
2000;.
2100;.
2100;.
2100;.
2200;.
2100;.
2100;.
2100;.
2100;.
;.
2100;.
2200;.
2200;.
2100;.
2100;.
2200;.
2100;.
2100;.
2200;.
2100;.
2500;.
2100;.
2100;.
2100;.
2100;.
2100;.
2100;.
2100;.
2100;.
2100;.
2100;.
2100;.
2100;.
2100;.
2100;.
2100;.
2000;.
2100;.
2100;.
2100;.
2200;.
2100;.
2200;.
2200;.
2100;.
2400;.
2200;.
2200;.
2200;.
2200;.
3000;.
2100;.
2100;.
2100;.
2200;.
2200;.
2100;.
2200;.
2100;.
2100;.
2100;.
2100;.
2100;.
2100;.
2000;.
2200;.
2100;.
2100;.
2100;.
2100;.
2200;.
2100;.
2100;.
2200;.
2200;.
2200;.
2200;.
2100;.
2100;.
2100;.
2200;.
2100;.
2100;.
2100;.
2000;.
2100;.
2200;.
2100;.
2200;.
2200;.
2100;.
2200;.
2200;.
2100;.
2100;.
2200;.
2200;.
2100;.
2100;.
2200;.
2200;.
2100;.
2100;.
2200;.
2100;.
2100;.
2100;.
2100;.
2100;.
2100;.
2200;.
2200;.
2200;.
2200;.
2200;.
2100;.
2100;.
2300;.
2000;.
2100;.
2100;.
2000;.
2100;.
2000;.
2100;.
2100;.
2200;.
2100;.
2200;.
2100;.
2000;.
2000;.
2100;.
2100;.
2200;.
2100;.
2100;.
2000;.
2000;.
2200;.
2200;.
2300;.
2300;.
2900;.
2100;.
2100;.
2100;.
2100;.
2100;.
2100;.
2200;.
2100;.
2100;.
2100;.
2100;.
2100;.
2100;.
2200;.
2100;.
2100;.
2100;.
2100;.
2100;.
2100;.
2100;.
2100;.
2100;.
2100;.
2100;.
2000;.
2100;.
2100;.
2100;.
2000;.
2000;.
2200;.
2800;.
2100;.
2100;.
2100;.
2200;.
2100;.
2200;.
2200;.
2100;.
2100;.
2100;.
2100;.
2200;.
2100;.
2100;.
2200;.
2200;.
2100;.
2100;.
2100;.
2000;.
2000;.
2100;.
2100;.
2100;.
2100;.
2000;.
2100;.
2100;.
2100;.
2100;.
2200;.
2100;.
2200;.
2100;.
2200;.
2100;.
3000;.
2100;.
2000;.
2100;.
2200;.
2200;.
2200;.
2100;.
2100;.
2100;.
2100;.
2100;.
2100;.
2100;.
2100;.
2100;.
2100;.
2100;.
2100;.
2400;.
2200;.
2200;.
2200;.
5600;.
2200;.
2200;.
2100;.
2200;.
2100;.
2300;.
2100;.
2100;.
2100;.
2200;.
2100;.
2200;.
2100;.
2200;.
2100;.
2100;.
2100;.
2100;.
2100;.
2000;.
2100;.
2100;.
2100;.
2200;.
2000;.
2100;.
2300;.
2200;.
2200;.
2100;.
2100;.
2100;.
2200;.
2000;.
2100;.
2100;.
2100;.
2200;.
2100;.
2100;.
2100;.
2200;.
2100;.
2200;.
2100;.
2100;.
2100;.
2100;.
2200;.
2100;.
2100;.
2100;.
2100;.
2100;.
2200;.
2100;.
2100;.
2100;.
2300;.
2200;.
2100;.
2100;.
2100;.
2200;.
2100;.
2100;.
2100;.
2100;.
2100;.
2900;.
;.
2400;.
2100;.
2200;.
2100;.
2100;.
2100;.
2300;.
2100;.
2100;.
2100;.
2200;.
2100;.
2100;.
2100;.
2200;.
2200;.
2100;.
2100;.
2200;.
2100;.
2100;.
2100;.
2100;.
2200;.
2100;.
2200;.
2100;.
2100;.
2300;.
2100;.
2200;.
2200;.
2100;.
2100;.
2100;.
2000;.
2100;.
2100;.
2100;.
2100;.
2100;.
2100;.
2100;.
2100;.
2100;.
2200;.
2100;.
2200;.
2100;.
2100;.
2100;.
2100;.
2100;.
2200;.
2100;.
2100;.
2100;.
2100;.
2100;.
2100;.
2100;.
2000;.
2100;.
2200;.
2100;.
2100;.
2100;.
2100;.
2100;.
2100;.
2100;.
2100;.
2100;.
2100;.
2100;.
2100;.
2100;.
2100;.
2200;.
2100;.
2100;.
2100;.
2300;.
2200;.
2100;.
2100;.
2000;.
2000;.
2100;.
2100;.
2000;.
2900;.
2200;.
2300;.
5500;.
2900;.
2200;.
2200;.
2200;.
2100;.
2100;.
2100;.
2200;.
2100;.
2100;.
2200;.
2100;.
2200;.
2100;.
2100;.
2100;.
2200;.
2200;.
2200;.
2300;.
2200;.
2200;.
3800;.
;.
2200;.
2200;.
2100;.
2100;.
2100;.
2200;.
2100;.
2100;.
2200;.
2200;.
2200;.
2200;.
2200;.
2100;.
2200;.
2200;.
2100;.
2200;.
2100;.
2200;.
2100;.
2100;.
2300;.
2200;.
2100;.
2200;.
2100;.
2100;.
2100;.
2200;.
2100;.
2100;.
2200;.
2100;.
2200;.
2200;.
2100;.
2100;.
2100;.
2100;.
2100;.
2100;.
3000;.
2100;.
2200;.
2100;.
2200;.
2100;.
2100;.
2200;.
2300;.
2100;.
2100;.
2100;.
2100;.
2200;.
2100;.
2100;.
2100;.
2100;.
2100;.
2000;.
2100;.
2200;.
2200;.
2900;.
2200;.
2200;.
2100;.
2300;.
2000;.
2100;.
2100;.
2100;.
2200;.
2100;.
2000;.
2100;.
2100;.
2200;.
2100;.
2100;.
2100;.
2100;.
2100;.
2100;.
2200;.
2200;.
2200;.
2100;.
2400;.
2100;.
2200;.
2100;.
2100;.
2200;.
2100;.
2100;.
2200;.
2100;.
2100;.
2100;.
2200;.
2100;.
2200;.
2500;.
2200;.
2200;.
2100;.
2100;.
2200;.
2100;.
2200;.
2100;.
2200;.
2200;.
2200;.
2000;.
2200;.
2100;.
2100;.
2100;.
2200;.
2100;.
2100;.
2300;.
2100;.
2100;.
2200;.
2100;.
2100;.
2100;.
2200;.
2100;.
2200;.
3000;.
2200;.
2200;.
2200;.
2100;.
2200;.
2100;.
2200;.
2100;.
2100;.
2200;.
2100;.
2200;.
2100;.
2000;.
2200;.
2100;.
2200;.
2100;.
2100;.
2100;.
2100;.
2100;.
2200;.
2200;.
2300;.
2200;.
2200;.
2100;.
2100;.
2200;.
2100;.
2100;.
2200;.
2100;.
2200;.
2100;.
2100;.
2200;.
2100;.
2100;.
2100;.
2100;.
2100;.
2200;.
2100;.
2200;.
2100;.
2200;.
2100;.
2300;.
2200;.
2100;.
2200;.
2300;.
2100;.
2100;.
2100;.
2100;.
2000;.
2100;.
2100;.
2100;.
2200;.
2200;.
2100;.
2100;.
2100;.
2200;.
2100;.
2100;.
2100;.
2100;.
2200;.
2100;.
2100;.
2200;.
2100;.
2100;.
2000;.
2100;.
2100;.
2100;.
2200;.
2200;.
2200;.
2100;.
2100;.
2200;.
2200;.
2100;.
2100;.
2200;.
2900;.
2200;.
2100;.
2100;.
2200;.
2100;.
2100;.
2000;.
2100;.
2200;.
2200;.
2200;.
2200;.
2100;.
2200;.
2200;.
2200;.
2100;.
2100;.
2100;.
2200;.
2200;.
2100;.
2200;.
2100;.
2200;.
2100;.
2100;.
2100;.
2200;.
2100;.
2100;.
2200;.
2100;.
2100;.
2200;.
2100;.
2100;.
2100;.
2200;.
2100;.
2200;.
2200;.
2200;.
2100;.
2100;.
2200;.
2100;.
2200;.
2200;.
2200;.
2200;.
2100;.
2100;.
2100;.
2100;.
2100;.
2200;.
2200;.
2000;.
2100;.
2100;.
2200;.
2100;.
2100;.
2200;.
2100;.
2200;.
2100;.
2200;.
2900;.
2100;.
2100;.
2100;.
2200;.
2100;.
2200;.
2100;.
2100;.
2100;.
2100;.
2100;.
2100;.
2100;.
2200;.
2100;.
2100;.
2100;.
2200;.
2200;.
2200;.
2100;.
2100;.
2900;.
2100;.
2100;.
2200;.
2100;.
2200;.
2200;.
2200;.
2100;.
2000;.
2100;.
2200;.
2100;.
2100;.
2100;.
2200;.
2000;.
2100;.
2100;.
2100;.
2100;.
2100;.
2200;.
2100;.
2100;.
2100;.
2100;.
2100;.
2100;.
2100;.
2100;.
2100;.
2100;.
2100;.
2100;.
2100;.
2200;.
2200;.
2200;.
2100;.
2200;.
2200;.
2600;.
2300;.
2100;.
2200;.
2200;.
2200;.
2200;.
2200;.
2200;.
2100;.
2100;.
2100;.
2300;.
2100;.
2200;.
2200;.
2200;.
2100;.
2100;.
2100;.
2100;.
2100;.
2100;.
2200;.
2000;.
2300;.
2100;.
2100;.
2900;.
2100;.
2100;.
2100;.
2100;.
2200;.
2100;.
2200;.
2100;.
2200;.
2100;.
2100;.
2100;.
2100;.
2200;.
2100;.
2100;.
2100;.
2100;.
2100;.
2100;.
2100;.
2200;.
2100;.
2200;.
2200;.
2100;.
2200;.
2100;.
2100;.
2100;.
2100;.
2000;.
2000;.
2100;.
2100;.
2200;.
2200;.
2100;.
2100;.
2200;.
2100;.
2200;.
2100;.
2200;.
2100;.
2200;.
2200;.
2200;.
2100;.
2100;.
2200;.
2100;.
2000;.
2100;.
;.
2100;.
2100;.
2100;.
2200;.
2100;.
2200;.
2100;.
2200;.
2100;.
2100;.
2200;.
2200;.
2100;.
2100;.
2200;.
2200;.
2100;.
2100;.
2100;.
2100;.
2200;.
2200;.
2200;.
2700;.
2200;.
2200;.
2100;.
2300;.
2100;.
2200;.
2100;.
2100;.
2000;.
2200;.
2100;.
2100;.
2100;.
2900;.
2200;.
2200;.
2100;.
2100;.
2100;.
2100;.
2200;.
2100;.
2100;.
2100;.
2200;.
2100;.
2200;.
2100;.
2100;.
2100;.
2100;.
2100;.
2100;.
2100;.
2200;.
2200;.
;.
2200;.
2100;.
2100;.
2100;.
2100;.
2200;.
2200;.
2200;.
2100;.
2100;.
2200;.
2100;.
2200;.
2200;.
2100;.
2200;.
2200;.
2200;.
2200;.
2100;.
2100;.
2200;.
2200;.
2100;.
2100;.
2200;.
2200;.
2200;.
2100;.
2100;.
2100;.
2200;.
2100;.
2200;.
2200;.
2300;.
2200;.
2200;.
2100;.
2100;.
2100;.
2200;.
2100;.
2100;.
2100;.
2100;.
2900;.
2200;.
2100;.
2100;.
2100;.
2100;.
2100;.
2100;.
2100;.
2100;.
2000;.
2200;.
2300;.
2200;.
2200;.
2300;.
2100;.
2100;.
2100;.
2100;.
2200;.
2100;.
2100;.
2900;.
2200;.
2100;.
2100;.
2200;.
2100;.
2100;.
2100;.
2200;.
2200;.
2200;.
2100;.
2100;.
2100;.
2100;.
2100;.
2100;.
2100;.
2100;.
2000;.
2100;.
2000;.
2100;.
2100;.
2200;.
2300;.
2100;.
2100;.
2100;.
2100;.
2000;.
2200;.
2100;.
2100;.
2200;.
2000;.
2100;.
2100;.
2000;.
2100;.
2100;.
2300;.
2100;.
2200;.
2100;.
2100;.
2200;.
2000;.
2100;.
2100;.
2100;.
2200;.
2200;.
2200;.
2100;.
2100;.
2100;.
2100;.
2100;.
2100;.
2100;.
2100;.
2100;.
2200;.
2100;.
2100;.
2200;.
2100;.
2200;.
2100;.
2900;.
2100;.
2100;.
2100;.
2100;.
2100;.
2100;.
2100;.
2200;.
2100;.
2100;.
2200;.
2100;.
2200;.
2200;.
2100;.
2100;.
2200;.
2100;.
2100;.
2200;.
2100;.
2200;.
2200;.
2100;.
2100;.
2200;.
2200;.
2100;.
2100;.
2100;.
2200;.
2100;.
2100;.
2100;.
2100;.
2000;.
2100;.
2100;.
2100;.
2100;.
2100;.
2200;.
2100;.
2200;.
2100;.
2100;.
2200;.
2100;.
2300;.
2300;.
2100;.
2200;.
2200;.
2100;.
2100;.
2100;.
2100;.
2100;.
2100;.
2100;.
2100;.
2200;.
2000;.
2200;.
2100;.
2200;.
2200;.
2200;.
2000;.
2100;.
2100;.
2100;.
2100;.
2100;.
2100;.
2100;.
2200;.
2100;.
2200;.
2100;.
2100;.
2100;.
2100;.
2100;.
2200;.
2100;.
2000;.
2100;.
2200;.
2100;.
2100;.
2100;.
2900;.
2200;.
2100;.
2200;.
2100;.
2100;.
2100;.
2200;.
2200;.
2100;.
2100;.
2200;.
2200;.
2100;.
2200;.
2100;.
2300;.
2200;.
2200;.
2300;.
2200;.
2000;.
2100;.
2300;.
2200;.
2700;.
2200;.
2200;.
2200;.
2200;.
2200;.
2200;.
2100;.
2100;.
2200;.
2200;.
2100;.
2100;.
2200;.
2200;.
2100;.
2200;.
2100;.
2100;.
2100;.
2100;.
2200;.
2200;.
2100;.
2100;.
2300;.
2100;.
2200;.
2100;.
2200;.
2100;.
2100;.
2100;.
2300;.
2100;.
2200;.
2100;.
2200;.
2200;.
2100;.
2100;.
2100;.
2200;.
2100;.
2100;.
2900;.
2200;.
2100;.
2100;.
2100;.
2100;.
2100;.
2200;.
2100;.
2200;.
2100;.
2100;.
2100;.
2200;.
2100;.
2100;.
2100;.
2100;.
2500;.
2200;.
2100;.
2100;.
2200;.
2900;.
2300;.
2200;.
2100;.
2100;.
2100;.
2200;.
2100;.
2100;.
2200;.
2100;.
2100;.
2100;.
2200;.
2200;.
2200;.
2200;.
2200;.
2100;.
2200;.
2200;.
2200;.
2100;.
2100;.
2100;.
2200;.
2200;.
2100;.
2200;.
2100;.
2200;.
2100;.
2100;.
2100;.
2100;.
2100;.
2000;.
2100;.
2100;.
2200;.
2200;.
2100;.
2200;.
2300;.
2300;.
2100;.
2100;.
2100;.
2200;.
2100;.
2100;.
2200;.
2100;.
2200;.
2100;.
2100;.
2200;.
2200;.
2100;.
2100;.
2100;.
2100;.
2200;.
2200;.
2100;.
2100;.
2200;.
2200;.
2100;.
2100;.
3000;.
2200;.
2200;.
2100;.
2100;.
2200;.
2100;.
2100;.
2100;.
2100;.
2100;.
2100;.
2200;.
2100;.
2100;.
2100;.
2100;.
2100;.
2100;.
2200;.
2100;.
2100;.
2100;.
2200;.
2200;.
2200;.
2100;.
2100;.
2200;.
2200;.
2100;.
2100;.
2100;.
2100;.
2200;.
2400;.
2200;.
2200;.
2100;.
2100;.
2100;.
2200;.
2300;.
2100;.
2400;.
2200;.
2100;.
2200;.
2100;.
2200;.
2100;.
2200;.
2100;.
2200;.
2200;.
2200;.
2100;.
2100;.
2100;.
2100;.
2100;.
2500;.
2200;.
2100;.
2200;.
2200;.
2400;.
2300;.
2100;.
2100;.
2100;.
2100;.
2200;.
2200;.
2100;.
2100;.
2100;.
2200;.
2200;.
2200;.
2100;.
2200;.
2200;.
2100;.
2200;.
2100;.
2100;.
2100;.
2100;.
2200;.
2100;.
2200;.
2100;.
3000;.
2100;.
2100;.
2400;.
2400;.
2400;.
2200;.
2100;.
2100;.
2200;.
2200;.
2200;.
2100;.
2200;.
2100;.
2000;.
2200;.
2100;.
2100;.
2100;.
2100;.
2100;.
2100;.
2200;.
2100;.
2100;.
2100;.
2500;.
2100;.
2100;.
2100;.
2200;.
2300;.
2200;.
2200;.
2100;.
2100;.
2200;.
2100;.
2100;.
2100;.
2200;.
2100;.
2100;.
2100;.
2200;.
2200;.
2100;.
2100;.
2100;.
2300;.
2200;.
2100;.
2100;.
2100;.
2000;.
2200;.
2200;.
2100;.
2100;.
2300;.
2000;.
2900;.
3200;.
3200;.
3500;.
6100;.
2700;.
2400;.
;.
4700;.
2700;.
4200;.
2700;.
2500;.
2400;.
2200;.
2400;.
2500;.
2400;.
2400;.
2600;.
5600;.
2700;.
2400;.
2500;.
2400;.
2400;.
2300;.
2100;.
3000;.
6500;.
2600;.
3200;.
2400;.
2300;.
2300;.
2800;.
2400;.
2200;.
2200;.
2300;.
2200;.
2300;.
3900;.
2300;.
2300;.
2700;.
2300;.
2100;.
2300;.
2100;.
2100;.
2200;.
2200;.
2300;.
2200;.
2200;.
2200;.
2100;.
2200;.
2200;.
2300;.
2200;.
2100;.
2200;.
2200;.
2400;.
2400;.
2300;.
2200;.
2100;.
2200;.
2200;.
2200;.
2200;.
2200;.
2100;.
2300;.
2300;.
2100;.
2800;.
2300;.
2300;.
2200;.
2300;.
2200;.
2200;.
2200;.
2100;.
2200;.
2100;.
2200;.
2200;.
2200;.
2100;.
2200;.
2100;.
2200;.
2200;.
2200;.
2200;.
2200;.
3100;.
2300;.
2100;.
2700;.
2200;.
2200;.
2100;.
2200;.
2200;.
2100;.
2200;.
2300;.
2200;.
2100;.
2200;.
2100;.
2200;.
2100;.
2200;.
2200;.
2200;.
2100;.
2200;.
2100;.
2200;.
2200;.
2200;.
2100;.
2200;.
2100;.
2100;.
2100;.
2100;.
2200;.
2100;.
2100;.
2200;.
2200;.
2100;.
2100;.
2200;.
2000;.
2200;.
2100;.
2200;.
2100;.
2100;.
2100;.
2100;.
2200;.
2100;.
2100;.
2100;.
2100;.
2100;.
2200;.
2100;.
2200;.
2200;.
2100;.
2100;.
2100;.
2100;.
2100;.
2100;.
2100;.
2100;.
2100;.
2200;.
2100;.
2100;.
2100;.
2000;.
2100;.
2200;.
2100;.
2100;.
2100;.
2100;.
2200;.
2200;.
2200;.
2100;.
2100;.
2100;.
2100;.
2000;.
2100;.
2100;.
2100;.
2100;.
2100;.
2100;.
3000;.
2100;.
2100;.
2100;.
2200;.
2100;.
2100;.
2100;.
2100;.
2100;.
2100;.
2100;.
2100;.
2200;.
2100;.
2200;.
2100;.
2100;.
2300;.
2200;.
2200;.
2100;.
2100;.
2200;.
2200;.
2100;.
2100;.
2200;.
2100;.
2100;.
2500;.
2200;.
2200;.
2100;.
2200;.
2100;.
2100;.
2100;.
2200;.
2200;.
2200;.
2000;.
2100;.
2200;.
2100;.
2200;.
2200;.
2100;.
2100;.
2100;.
2200;.
2100;.
2200;.
2200;.
2100;.
2100;.
2200;.
2100;.
2100;.
2100;.
2100;.
2200;.
2300;.
2100;.
2200;.
2200;.
2200;.
2100;.
2100;.
2200;.
2800;.
2200;.
2100;.
2100;.
2100;.
2100;.
2200;.
2100;.
2200;.
2100;.
2100;.
2100;.
2100;.
2100;.
2100;.
2100;.
2200;.
2200;.
2100;.
2000;.
2100;.
2100;.
2100;.
3400;.
2100;.
2000;.
2200;.
2100;.
2100;.
2200;.
2200;.
2100;.
2200;.
2100;.
2100;.
2200;.
2100;.
2200;.
2100;.
2100;.
2100;.
2100;.
2100;.
2100;.
2100;.
2200;.
2200;.
2100;.
2100;.
2100;.
2100;.
2200;.
2200;.
2100;.
2300;.
2100;.
2100;.
2200;.
2200;.
2100;.
2100;.
2100;.
2100;.
2200;.
2100;.
2100;.
2100;.
2100;.
2100;.
2100;.
2100;.
2100;.
2100;.
2100;.
2200;.
2200;.
2200;.
2100;.
2100;.
2000;.
2200;.
2100;.
2100;.
2100;.
2200;.
2100;.
2100;.
2200;.
2200;.
2100;.
2100;.
2100;.
2200;.
2900;.
2200;.
2100;.
2100;.
2100;.
2100;.
2200;.
2200;.
2200;.
2100;.
2100;.
2100;.
2100;.
2100;.
2000;.
2100;.
2100;.
2100;.
2200;.
2100;.
2100;.
2200;.
2100;.
2200;.
2200;.
2100;.
2100;.
2100;.
2200;.
2100;.
2100;.
2200;.
2200;.
2100;.
2100;.
2100;.
2100;.
2200;.
2000;.
2100;.
2100;.
2100;.
2000;.
2100;.
2100;.
2100;.
2100;.
2200;.
2200;.
2200;.
2200;.
2100;.
2100;.
2200;.
2400;.
2200;.
2100;.
2100;.
2200;.
2100;.
2200;.
2100;.
2200;.
2200;.
2100;.
2100;.
2100;.
2100;.
2100;.
2100;.
2000;.
2100;.
2100;.
2100;.
2100;.
2200;.
2100;.
2100;.
2100;.
2100;.
2100;.
2000;.
2100;.
2100;.
2100;.
2100;.
2200;.
2100;.
2100;.
2200;.
2900;.
2700;.
2200;.
3100;.
2300;.
2200;.
2100;.
2000;.
2100;.
2100;.
2100;.
2100;.
2100;.
2100;.
2100;.
2100;.
2100;.
2000;.
2000;.
2100;.
2100;.
2100;.
3300;.
2200;.
2200;.
2200;.
2100;.
2100;.
2100;.
2000;.
2100;.
2200;.
2200;.
2100;.
2100;.
2200;.
2200;.
2100;.
2100;.
2100;.
2100;.
2100;.
2000;.
2100;.
2100;.
2100;.
2100;.
2100;.
2200;.
2100;.
2100;.
2100;.
2100;.
2000;.
2100;.
2200;.
2100;.
2200;.
2200;.
2100;.
2100;.
2200;.
2100;.
2100;.
2200;.
2200;.
2100;.
2100;.
2000;.
2200;.
2100;.
2100;.
2100;.
2900;.
2100;.
2100;.
2100;.
2100;.
2100;.
2100;.
2200;.
2200;.
2100;.
2200;.
2100;.
2200;.
2100;.
2100;.
2200;.
2100;.
2200;.
2100;.
2100;.
2100;.
2100;.
2400;.
2900;.
2000;.
2200;.
2100;.
2100;.
2100;.
2100;.
2200;.
2200;.
2200;.
2100;.
2100;.
2200;.
2200;.
2100;.
2100;.
2100;.
2200;.
2100;.
2100;.
2100;.
2100;.
2000;.
2100;.
2200;.
2200;.
2200;.
2100;.
2200;.
2200;.
2000;.
2100;.
2100;.
2200;.
2100;.
2100;.
2000;.
2100;.
2200;.
2100;.
2100;.
2100;.
2100;.
2100;.
2100;.
2200;.
2100;.
2100;.
2100;.
2200;.
2100;.
2000;.
2100;.
2100;.
2100;.
2100;.
2000;.
2100;.
2100;.
2200;.
2200;.
2100;.
2100;.
2100;.
2100;.
2000;.
2100;.
2300;.
2000;.
2100;.
2900;.
2100;.
2100;.
2100;.
2100;.
2100;.
2100;.
2100;.
2100;.
2100;.
2100;.
2200;.
2200;.
2200;.
2100;.
2100;.
2000;.
2100;.
2200;.
2200;.
2100;.
2100;.
2100;.
2100;.
2100;.
2100;.
2100;.
2300;.
2200;.
2100;.
2200;.
2200;.
2100;.
2100;.
2200;.
2100;.
2100;.
2100;.
2200;.
2500;.
2200;.
2100;.
3400;.
2000;.
2700;.
2400;.
2100;.
2900;.
2700;.
3100;.
3100;.
3100;.
2600;.
2800;.
2300;.
2500;.
3100;.
2700;.
2900;.
2800;.
;.
;.
4200;.
3000;.
2800;.
2600;.
2900;.
2700;.
2700;.
2700;.
2700;.
2400;.
2200;.
2700;.
3000;.
2500;.
3900;.
2600;.
2800;.
6000;.
;.
3600;.
2500;.
2500;.
2200;.
2600;.
2200;.
2300;.
2100;.
2200;.
2200;.
2200;.
2300;.
3000;.
2100;.
2200;.
2200;.
2100;.
2200;.
2200;.
2100;.
2100;.
2200;.
2100;.
2200;.
2100;.
2200;.
2200;.
2400;.
4400;.
3700;.
3600;.
3800;.
3900;.
3600;.
3600;.
3600;.
3700;.
3700;.
3500;.
3600;.
3000;.
2300;.
2200;.
2200;.
2100;.
2200;.
2200;.
2100;.
2100;.
2200;.
2100;.
2200;.
2100;.
2300;.
2200;.
2300;.
2400;.
2300;.
2300;.
2300;.
2200;.
2200;.
2100;.
2300;.
2200;.
2200;.
2200;.
2100;.
2100;.
2100;.
2200;.
2100;.
2200;.
2100;.
2100;.
2100;.
2100;.
2200;.
2100;.
2500;.
2100;.
2100;.
3000;.
2000;.
2200;.
2200;.
2100;.
2100;.
2100;.
2200;.
2200;.
2200;.
2300;.
2200;.
2200;.
2100;.
2100;.
2100;.
2100;.
2100;.
2100;.
2200;.
2200;.
2100;.
2200;.
2900;.
2100;.
2100;.
2100;.
2100;.
2100;.
2100;.
2100;.
2000;.
2000;.
2300;.
2100;.
2200;.
2300;.
2100;.
2000;.
2200;.
2100;.
2200;.
2100;.
2200;.
2200;.
2100;.
2100;.
2100;.
2200;.
2200;.
2100;.
2100;.
2000;.
2200;.
2100;.
2200;.
2100;.
2100;.
2100;.
2100;.
2100;.
2100;.
2000;.
2100;.
2200;.
2100;.
2100;.
2100;.
2200;.
2200;.
2100;.
2200;.
2100;.
2100;.
2100;.
2200;.
2100;.
2100;.
2100;.
2100;.
2100;.
2100;.
2200;.
2100;.
2400;.
2100;.
2100;.
2100;.
2100;.
2100;.
2100;.
2100;.
2100;.
3100;.
2000;.
2100;.
2000;.
2000;.
2300;.
2100;.
2200;.
2100;.
2100;.
2100;.
2100;.
2000;.
2100;.
2000;.
2200;.
2100;.
2100;.
2200;.
2100;.
2100;.
2100;.
2100;.
2100;.
2200;.
2100;.
2200;.
2200;.
2100;.
2100;.
2100;.
2100;.
2100;.
2200;.
2100;.
2100;.
2100;.
2200;.
2000;.
2100;.
2100;.
2100;.
2000;.
2100;.
2100;.
2100;.
2100;.
2200;.
2100;.
2100;.
2100;.
2100;.
2100;.
2100;.
2100;.
2100;.
2100;.
2200;.
2100;.
2200;.
2100;.
2100;.
2100;.
2100;.
2100;.
2100;.
2100;.
2100;.
2100;.
2200;.
2100;.
2000;.
2100;.
2100;.
2200;.
2100;.
2200;.
2100;.
2100;.
2100;.
2100;.
2100;.
2100;.
2100;.
2100;.
2100;.
2100;.
2100;.
2100;.
2100;.
2100;.
2100;.
2100;.
2900;.
2100;.
2200;.
2300;.
2200;.
2100;.
2200;.
2200;.
2100;.
2100;.
2200;.
2100;.
2200;.
2200;.
2100;.
2200;.
2100;.
2200;.
2100;.
2100;.
2100;.
2100;.
2100;.
2100;.
2100;.
2200;.
2000;.
2100;.
2100;.
2100;.
2100;.
2100;.
2100;.
2100;.
2100;.
2100;.
2100;.
2100;.
2100;.
2100;.
2200;.
2200;.
4300;.
2200;.
2100;.
2200;.
2000;.
2100;.
2100;.
2100;.
2100;.
2100;.
2100;.
2100;.
2100;.
2100;.
2000;.
2100;.
2100;.
2100;.
2100;.
2100;.
2200;.
2100;.
2100;.
2100;.
2100;.
2100;.
2100;.
2100;.
2900;.
2100;.
2200;.
2200;.
2200;.
2100;.
2100;.
2200;.
2200;.
2200;.
2100;.
2100;.
2100;.
2100;.
2100;.
2100;.
2000;.
2100;.
2100;.
2100;.
2100;.
2200;.
2100;.
2900;.
2100;.
2200;.
2100;.
2200;.
2000;.
2000;.
2000;.
2100;.
2100;.
2200;.
2100;.
2200;.
2100;.
2100;.
2100;.
2100;.
2200;.
2100;.
2100;.
2200;.
2100;.
2200;.
2100;.
2100;.
2100;.
2100;.
2200;.
2100;.
2100;.
2100;.
2200;.
2100;.
2100;.
2100;.
2100;.
2100;.
2100;.
2100;.
2100;.
2100;.
2100;.
2100;.
2100;.
2100;.
2100;.
2100;.
2100;.
2100;.
2100;.
2100;.
2200;.
2100;.
2100;.
2100;.
2200;.
2100;.
2100;.
2100;.
2100;.
2100;.
2200;.
2100;.
2100;.
2200;.
2100;.
2100;.
2100;.
2100;.
2200;.
2900;.
2000;.
2100;.
2100;.
2000;.
2000;.
2000;.
2100;.
2100;.
2000;.
2100;.
2100;.
2100;.
2000;.
2000;.
2000;.
2100;.
2100;.
2100;.
2000;.
2100;.
2100;.
2200;.
2100;.
2200;.
2100;.
2200;.
2100;.
2100;.
2100;.
2200;.
2000;.
4800;.
2200;.
2100;.
2100;.
2000;.
2200;.
2100;.
2100;.
2100;.
2100;.
2100;.
2100;.
2600;.
2200;.
2200;.
2100;.
2100;.
2100;.
2100;.
2100;.
2100;.
2100;.
2200;.
2200;.
2100;.
2100;.
2100;.
2100;.
2000;.
2100;.
2100;.
2200;.
2200;.
2100;.
2200;.
2100;.
2200;.
2100;.
2100;.
2200;.
2300;.
2100;.
2200;.
2200;.
2100;.
2200;.
2100;.
2200;.
2200;.
2100;.
2100;.
2100;.
2100;.
2200;.
2100;.
2100;.
2100;.
2100;.
2000;.
2100;.
2100;.
3000;.
2100;.
2100;.
2200;.
2200;.
2200;.
2100;.
2200;.
2100;.
2100;.
2100;.
2100;.
2100;.
2100;.
2200;.
2200;.
2200;.
2100;.
2200;.
2100;.
2200;.
2100;.
2100;.
2100;.
2100;.
2200;.
2100;.
2200;.
2100;.
2100;.
2100;.
2100;.
2100;.
2100;.
2100;.
2100;.
2200;.
2100;.
2200;.
2100;.
2200;.
2200;.
2200;.
2200;.
2200;.
2100;.
2100;.
2200;.
2100;.
2100;.
2100;.
2100;.
2300;.
2100;.
2100;.
2100;.
2100;.
2100;.
2100;.
2100;.
2100;.
2100;.
2100;.
2100;.
2100;.
2100;.
2100;.
2200;.
2100;.
2100;.
2900;.
2200;.
2200;.
2100;.
2100;.
2100;.
2100;.
2100;.
2100;.
2100;.
2100;.
2100;.
2200;.
2100;.
2100;.
2100;.
2100;.
2100;.
2100;.
2200;.
2000;.
2100;.
2200;.
2900;.
2000;.
2200;.
2000;.
2200;.
2100;.
2000;.
2100;.
2100;.
2000;.
2100;.
2100;.
2100;.
2100;.
2100;.
2100;.
2100;.
2200;.
2200;.
2100;.
2200;.
2100;.
2100;.
2200;.
2200;.
2100;.
2200;.
2100;.
2100;.
2000;.
2100;.
2100;.
2100;.
2100;.
2200;.
2100;.
2100;.
2200;.
2200;.
2300;.
2200;.
2100;.
2200;.
2300;.
2200;.
2100;.
2100;.
2200;.
2100;.
2000;.
2100;.
2200;.
2100;.
2100;.
2100;.
2100;.
2200;.
2100;.
2100;.
2100;.
2100;.
2100;.
2200;.
2100;.
2100;.
2200;.
2000;.
2100;.
2100;.
2100;.
2900;.
2100;.
2200;.
2100;.
2200;.
2000;.
2100;.
2100;.
2100;.
2300;.
2100;.
2100;.
2200;.
2100;.
2100;.
2100;.
2100;.
2200;.
2100;.
2100;.
2100;.
2200;.
2100;.
2200;.
2200;.
2100;.
2000;.
2100;.
2200;.
2200;.
2200;.
2100;.
2200;.
2200;.
2200;.
2100;.
2100;.
2200;.
2100;.
2100;.
2100;.
2200;.
2100;.
2100;.
2100;.
2100;.
2100;.
2000;.
2100;.
2200;.
2100;.
2100;.
2100;.
2100;.
2100;.
2100;.
2200;.
2100;.
2100;.
2100;.
2200;.
2200;.
2300;.
2100;.
2200;.
2100;.
2100;.
2100;.
2200;.
2100;.
2100;.
2100;.
2100;.
2100;.
2100;.
2100;.
2200;.
2200;.
2100;.
2100;.
2100;.
2100;.
2100;.
2100;.
2100;.
2200;.
2200;.
2100;.
2100;.
2100;.
2200;.
2100;.
2100;.
2900;.
2200;.
2100;.
2000;.
2100;.
2100;.
2100;.
2100;.
2100;.
2100;.
2100;.
2100;.
2100;.
2100;.
2200;.
2100;.
2200;.
2100;.
2100;.
2200;.
2100;.
2100;.
2100;.
2100;.
2100;.
2100;.
2100;.
2100;.
2000;.
2100;.
2100;.
2500;.
2100;.
2100;.
2100;.
2100;.
2000;.
2100;.
2200;.
2200;.
2100;.
2100;.
2100;.
2100;.
2100;.
2200;.
2200;.
2100;.
2100;.
2100;.
2100;.
2000;.
2200;.
2100;.
2100;.
2100;.
2100;.
2700;.
2100;.
2200;.
2100;.
2000;.
2100;.
2100;.
2100;.
2200;.
2100;.
2200;.
4200;.
2200;.
3000;.
2100;.
2100;.
2100;.
2100;.
2000;.
2100;.
2100;.
2200;.
2200;.
2100;.
2100;.
2100;.
2100;.
2100;.
2100;.
2100;.
2000;.
2100;.
2100;.
2100;.
2100;.
2100;.
3000;.
2100;.
2100;.
2100;.
2200;.
2100;.
2100;.
2100;.
2000;.
2100;.
2100;.
2000;.
2100;.
2000;.
2000;.
2200;.
2300;.
2100;.
2100;.
2100;.
2100;.
2100;.
2100;.
2100;.
2000;.
2100;.
2000;.
2100;.
2100;.
2200;.
2000;.
2100;.
2100;.
2100;.
2200;.
2100;.
2100;.
2100;.
2000;.
2100;.
2100;.
2000;.
2100;.
2100;.
2100;.
2100;.
2100;.
2100;.
2000;.
2100;.
2100;.
2000;.
2100;.
2100;.
2200;.
2100;.
2100;.
2000;.
2100;.
2100;.
2000;.
2000;.
2100;.
2000;.
2100;.
2100;.
2000;.
2100;.
2100;.
2100;.
2900;.
2100;.
2100;.
2100;.
2100;.
2200;.
2100;.
2000;.
2000;.
2100;.
2100;.
2000;.
2100;.
2100;.
2100;.
2100;.
2100;.
2100;.
2100;.
2100;.
2000;.
2100;.
2100;.
2000;.
2000;.
2000;.
2100;.
2000;.
2100;.
2100;.
2200;.
2100;.
2100;.
2100;.
2100;.
2200;.
2000;.
2100;.
2100;.
2000;.
2100;.
2100;.
2100;.
2200;.
2100;.
2000;.
2100;.
2000;.
2100;.
2200;.
2100;.
2200;.
2100;.
2000;.
2200;.
2100;.
2100;.
2100;.
2100;.
2100;.
2100;.
2100;.
2100;.
2100;.
2000;.
2100;.
2100;.
2100;.
2100;.
2000;.
2200;.
2100;.
2200;.
2100;.
2100;.
2100;.
2100;.
2100;.
2100;.
2100;.
2000;.
2100;.
2100;.
2100;.
2100;.
2000;.
2200;.
2100;.
2100;.
2000;.
2000;.
2100;.
2300;.
2900;.
2100;.
2100;.
2100;.
2100;.
2100;.
2100;.
2000;.
2200;.
2100;.
2100;.
2000;.
2100;.
2100;.
2100;.
2200;.
2100;.
2000;.
2100;.
2200;.
2200;.
2000;.
2100;.
2000;.
2100;.
2100;.
2100;.
2100;.
2100;.
2300;.
2000;.
2000;.
2100;.
2100;.
2100;.
2100;.
2000;.
2100;.
2100;.
2200;.
2000;.
2100;.
2100;.
2000;.
2100;.
2200;.
2200;.
2200;.
2100;.
2100;.
2100;.
2100;.
2100;.
2000;.
2200;.
2100;.
2100;.
2200;.
2100;.
2100;.
2100;.
2100;.
2100;.
2100;.
2100;.
2000;.
2000;.
2100;.
2200;.
2200;.
2900;.
2100;.
2200;.
2200;.
2100;.
2200;.
2100;.
2100;.
2100;.
2100;.
2100;.
2100;.
2100;.
2100;.
2100;.
2100;.
2100;.
2100;.
2100;.
2100;.
2100;.
2100;.
2100;.
3000;.
2000;.
2100;.
2100;.
2100;.
2100;.
2100;.
2000;.
2100;.
2100;.
2000;.
2100;.
2200;.
2000;.
2100;.
2000;.
2100;.
2100;.
2000;.
2000;.
2200;.
2100;.
2100;.
2000;.
2200;.
2200;.
2000;.
2100;.
2000;.
2100;.
2200;.
2100;.
2200;.
2100;.
2100;.
2100;.
2100;.
2200;.
2100;.
2200;.
2300;.
2200;.
2200;.
2200;.
2200;.
2100;.
2100;.
2100;.
2100;.
2000;.
2100;.
2100;.
2100;.
2100;.
2000;.
2100;.
2200;.
2100;.
2100;.
2100;.
2700;.
2200;.
2100;.
2100;.
2100;.
2200;.
2100;.
2100;.
2200;.
2000;.
2900;.
2100;.
2200;.
2300;.
2100;.
2000;.
2200;.
2100;.
2100;.
2100;.
2100;.
2100;.
2100;.
2100;.
2000;.
2200;.
2100;.
2000;.
2100;.
2100;.
2000;.
2200;.
2100;.
2200;.
2200;.
2100;.
2400;.
2100;.
2200;.
2100;.
2100;.
2100;.
2100;.
2100;.
2000;.
2100;.
2100;.
2100;.
2100;.
2000;.
2100;.
2100;.
2100;.
2100;.
2100;.
2100;.
2100;.
2100;.
2100;.
2100;.
2100;.
2100;.
2100;.
2100;.
2200;.
2100;.
2100;.
2100;.
2000;.
2100;.
2200;.
2000;.
2200;.
2200;.
2100;.
2100;.
2100;.
2200;.
2100;.
2100;.
2100;.
2100;.
2100;.
2300;.
2100;.
2100;.
2100;.
2100;.
2100;.
2100;.
2300;.
2200;.
2000;.
2100;.
2100;.
2100;.
2100;.
2100;.
2100;.
2100;.
2100;.
2100;.
2200;.
2900;.
2100;.
2100;.
2100;.
2100;.
2000;.
2000;.
2100;.
2100;.
2100;.
2200;.
2100;.
2100;.
2100;.
2100;.
2100;.
2100;.
2100;.
2100;.
2100;.
2100;.
2100;.
2000;.
2100;.
2100;.
2000;.
2200;.
2100;.
2100;.
2100;.
2100;.
2100;.
2100;.
2100;.
2200;.
2000;.
2200;.
2100;.
2200;.
2100;.
2100;.
2100;.
2100;.
2100;.
2200;.
2000;.
2100;.
2100;.
2200;.
2100;.
2100;.
2100;.
2100;.
2100;.
2100;.
2200;.
2200;.
2200;.
2300;.
2000;.
2100;.
2000;.
2100;.
2100;.
2200;.
2100;.
2100;.
2200;.
2100;.
2100;.
2900;.
2100;.
2100;.
2100;.
2200;.
2100;.
2300;.
2100;.
2100;.
2100;.
2200;.
2100;.
2100;.
2000;.
2100;.
2100;.
2100;.
2100;.
2100;.
2000;.
2100;.
2100;.
2100;.
3000;.
2100;.
2100;.
2100;.
2100;.
2100;.
2000;.
2300;.
2200;.
2100;.
2100;.
2100;.
2100;.
2200;.
2100;.
2100;.
2200;.
2100;.
2100;.
2100;.
2100;.
2100;.
2100;.
2100;.
2100;.
2100;.
2100;.
2100;.
2100;.
2100;.
2100;.
2400;.
2200;.
2200;.
2200;.
2100;.
2200;.
2100;.
2100;.
2100;.
2200;.
2200;.
2100;.
2100;.
2100;.
2200;.
2100;.
2100;.
2100;.
2100;.
2100;.
2100;.
2100;.
2100;.
2200;.
2100;.
2100;.
2200;.
2100;.
2100;.
2000;.
2100;.
2100;.
2100;.
2100;.
2100;.
2100;.
2100;.
2200;.
2300;.
2900;.
2100;.
2100;.
2100;.
2100;.
2100;.
2200;.
2100;.
2100;.
2300;.
2100;.
2100;.
2100;.
2100;.
2200;.
2200;.
2200;.
2200;.
2100;.
2000;.
2100;.
2100;.
2100;.
2100;.
2200;.
2200;.
2100;.
2100;.
2000;.
2200;.
2100;.
2000;.
2100;.
2100;.
2100;.
2100;.
2000;.
2100;.
2100;.
2100;.
2000;.
2200;.
2100;.
2100;.
2100;.
2100;.
2100;.
2100;.
2100;.
2100;.
2100;.
2000;.
2000;.
2100;.
2200;.
2100;.
2000;.
2100;.
2100;.
2200;.
2100;.
2100;.
2100;.
2100;.
2200;.
2100;.
2100;.
2100;.
2100;.
2100;.
2100;.
2100;.
2200;.
2100;.
2000;.
2100;.
2200;.
2100;.
2200;.
2100;.
2100;.
2300;.
2100;.
2000;.
2100;.
2100;.
2200;.
2100;.
2100;.
2100;.
2100;.
2100;.
2600;.
2900;.
2200;.
2100;.
2100;.
2100;.
2200;.
2100;.
2200;.
2100;.
2200;.
2300;.
2200;.
2100;.
2100;.
2100;.
2100;.
2100;.
2100;.
2200;.
2100;.
2100;.
2100;.
2200;.
2200;.
2000;.
2100;.
2100;.
2200;.
2100;.
2100;.
2100;.
2100;.
2100;.
2100;.
2100;.
2200;.
2100;.
2100;.
2000;.
2100;.
2100;.
2000;.
2000;.
2100;.
2100;.
2100;.
2100;.
2200;.
2100;.
2100;.
;.
2200;.
2100;.
2000;.
2100;.
2100;.
2100;.
2200;.
2100;.
2100;.
2000;.
2100;.
2100;.
2100;.
2100;.
2100;.
2100;.
2100;.
2100;.
2100;.
3000;.
2200;.
2100;.
2100;.
2100;.
2100;.
2200;.
2100;.
2000;.
2000;.
2000;.
2000;.
2100;.
2000;.
2100;.
2100;.
2100;.
2000;.
2100;.
2100;.
2200;.
2200;.
2200;.
2900;.
2200;.
2100;.
2000;.
2100;.
;.
2100;.
2100;.
2100;.
2100;.
2200;.
3600;.
2200;.
2100;.
2200;.
2100;.
2100;.
2100;.
2100;.
2100;.
2100;.
2100;.
2100;.
2100;.
2100;.
2100;.
2200;.
2100;.
2100;.
2100;.
2100;.
2100;.
2100;.
2100;.
2200;.
2000;.
2100;.
2100;.
2100;.
2100;.
2100;.
2200;.
2100;.
2200;.
2100;.
2100;.
2100;.
2100;.
2100;.
2100;.
2200;.
2000;.
2100;.
2100;.
2200;.
2100;.
2000;.
2100;.
2200;.
2100;.
2100;.
2100;.
2100;.
2100;.
2200;.
2200;.
2200;.
2100;.
2100;.
2200;.
3000;.
2100;.
2100;.
2200;.
2100;.
2100;.
2100;.
2100;.
2100;.
2100;.
2000;.
2100;.
2100;.
2100;.
2100;.
2000;.
2100;.
2100;.
2200;.
2200;.
2000;.
2200;.
2100;.
2100;.
2200;.
2100;.
2000;.
2200;.
2200;.
2100;.
2200;.
2100;.
2100;.
2200;.
2100;.
2100;.
2100;.
2100;.
2000;.
2200;.
2100;.
2100;.
2100;.
2100;.
2100;.
2200;.
2100;.
2100;.
2100;.
2100;.
2100;.
2100;.
2000;.
2100;.
2100;.
2200;.
2100;.
2100;.
2000;.
2100;.
2200;.
2100;.
2200;.
2000;.
2100;.
2100;.
2100;.
2000;.
2000;.
2300;.
2200;.
2100;.
2100;.
2100;.
2100;.
2100;.
2200;.
2100;.
2100;.
2100;.
2100;.
2100;.
2100;.
2100;.
2200;.
2000;.
2200;.
2100;.
2100;.
2100;.
2100;.
2100;.
2100;.
3000;.
2100;.
2100;.
2100;.
2100;.
2100;.
2100;.
2100;.
2100;.
2200;.
2100;.
2200;.
2100;.
2100;.
2100;.
2100;.
2100;.
2000;.
2000;.
2100;.
2100;.
2200;.
2100;.
2000;.
2100;.
2100;.
2000;.
2100;.
2100;.
2100;.
2100;.
2000;.
2100;.
2100;.
2100;.
2000;.
2100;.
2100;.
2100;.
2100;.
2100;.
2100;.
2200;.
2200;.
2100;.
2100;.
2200;.
2100;.
2100;.
2000;.
2100;.
2100;.
2200;.
2100;.
2100;.
2000;.
2200;.
2100;.
2200;.
2100;.
2100;.
2100;.
2000;.
2000;.
2000;.
2100;.
2100;.
2000;.
2000;.
2200;.
2900;.
2000;.
2100;.
2000;.
2100;.
2100;.
2200;.
2100;.
2200;.
2200;.
2200;.
2200;.
2100;.
2100;.
2100;.
2000;.
2100;.
2100;.
2000;.
2100;.
2100;.
2100;.
2100;.
2800;.
2200;.
2100;.
2100;.
2100;.
2100;.
2100;.
2100;.
2000;.
2200;.
2000;.
2200;.
2100;.
2000;.
2200;.
2200;.
2800;.
2200;.
2100;.
2200;.
2100;.
2100;.
2200;.
2200;.
2100;.
2100;.
2200;.
2200;.
2100;.
2100;.
2100;.
2100;.
2200;.
2100;.
2200;.
2200;.
2200;.
2200;.
2100;.
2100;.
2100;.
2100;.
2100;.
2100;.
2200;.
2100;.
2200;.
2100;.
2200;.
2200;.
2100;.
2200;.
2100;.
2100;.
2100;.
2200;.
2100;.
2100;.
2100;.
2100;.
2000;.
2100;.
2200;.
2100;.
2100;.
2100;.
2100;.
2100;.
2200;.
2200;.
2900;.
2100;.
2000;.
2100;.
2100;.
2000;.
2500;.
2300;.
2100;.
2200;.
2100;.
2100;.
2200;.
2200;.
2100;.
2100;.
2100;.
2100;.
2100;.
2100;.
2200;.
2100;.
2200;.
2100;.
2100;.
2100;.
2100;.
2100;.
2100;.
2200;.
2100;.
2100;.
2100;.
2000;.
2100;.
2100;.
2100;.
2100;.
2200;.
2100;.
2100;.
2100;.
2200;.
2400;.
2100;.
2100;.
2000;.
2100;.
2100;.
2100;.
2100;.
2100;.
2100;.
2200;.
2200;.
2200;.
2100;.
2100;.
2200;.
2100;.
2100;.
2100;.
2200;.
2100;.
2100;.
2100;.
2100;.
2100;.
2100;.
2100;.
2100;.
2200;.
2200;.
2200;.
2200;.
2100;.
2100;.
2200;.
2200;.
2100;.
2000;.
2000;.
2200;.
2100;.
2100;.
2200;.
2100;.
2100;.
2100;.
2000;.
2000;.
2200;.
2100;.
2800;.
2100;.
2100;.
2100;.
2100;.
2200;.
2200;.
2000;.
2200;.
2100;.
2000;.
2100;.
2100;.
2100;.
2100;.
2200;.
2200;.
2100;.
2200;.
2100;.
2100;.
2100;.
2100;.
2200;.
2100;.
2100;.
2100;.
2100;.
2100;.
2200;.
2100;.
2100;.
2200;.
2100;.
2100;.
2000;.
2200;.
2200;.
2100;.
2100;.
2100;.
2100;.
2000;.
2100;.
2100;.
2100;.
2100;.
2100;.
2100;.
2100;.
2200;.
2200;.
2100;.
2100;.
2100;.
2200;.
2100;.
2200;.
2100;.
2200;.
2100;.
2100;.
2200;.
2200;.
2200;.
2100;.
2100;.
2100;.
2200;.
2100;.
2900;.
2100;.
2100;.
2000;.
2100;.
2300;.
2300;.
2100;.
2200;.
2000;.
2100;.
2100;.
2100;.
2100;.
2100;.
2100;.
2100;.
2100;.
2100;.
2000;.
2100;.
2200;.
2000;.
2900;.
2100;.
2200;.
2100;.
2200;.
2100;.
2400;.
2200;.
2200;.
2200;.
2100;.
2200;.
2200;.
2100;.
2100;.
2100;.
2100;.
3700;.
3700;.
2300;.
2300;.
2100;.
2100;.
2100;.
2100;.
2100;.
2200;.
2100;.
2100;.
2100;.
2100;.
2100;.
2200;.
2100;.
2200;.
2100;.
2100;.
2100;.
2000;.
2100;.
2100;.
2100;.
2200;.
2100;.
2100;.
2200;.
2200;.
2200;.
2100;.
2100;.
2100;.
2100;.
2100;.
2000;.
2000;.
2100;.
2100;.
2100;.
2100;.
2100;.
2100;.
2100;.
2200;.
2200;.
2100;.
2100;.
2100;.
2100;.
2100;.
2200;.
2900;.
2100;.
2100;.
2100;.
2100;.
2300;.
2200;.
2200;.
2200;.
2200;.
2000;.
2200;.
2100;.
2100;.
2200;.
2100;.
2200;.
2200;.
2100;.
2100;.
2200;.
2100;.
2100;.
2200;.
2200;.
2100;.
2100;.
2200;.
2200;.
2100;.
2100;.
2200;.
2200;.
2100;.
2100;.
2100;.
2100;.
2100;.
2100;.
2100;.
2200;.
2100;.
2800;.
2300;.
2200;.
2200;.
2100;.
2100;.
2100;.
2100;.
2100;.
2100;.
2200;.
2100;.
2200;.
2200;.
2200;.
2200;.
2200;.
2200;.
2200;.
2100;.
2100;.
2100;.
2100;.
2100;.
2100;.
2100;.
2200;.
2300;.
2100;.
2200;.
2200;.
2100;.
2100;.
2100;.
2000;.
2000;.
2100;.
2200;.
2200;.
2200;.
2100;.
2100;.
2100;.
2100;.
2200;.
2200;.
2200;.
2200;.
2200;.
2200;.
2100;.
2900;.
2200;.
2100;.
2100;.
2200;.
2100;.
2100;.
2100;.
2100;.
2100;.
2100;.
2200;.
2200;.
2100;.
2100;.
2100;.
2100;.
2100;.
2100;.
2100;.
2200;.
2100;.
2200;.
2000;.
2200;.
2200;.
2200;.
2200;.
2200;.
2200;.
2000;.
2100;.
2200;.
2200;.
2300;.
2100;.
2200;.
2200;.
2200;.
2100;.
2100;.
2200;.
2200;.
2100;.
2200;.
2100;.
2200;.
2200;.
2500;.
2100;.
2400;.
2200;.
2100;.
2700;.
2100;.
2200;.
3000;.
2600;.
3000;.
3100;.
3200;.
2500;.
2500;.
2400;.
2500;.
3100;.
2600;.
2800;.
3800;.
3400;.
3800;.
4300;.
4000;.
2700;.
2400;.
2500;.
;.
2400;.
2500;.
2600;.
2600;.
2400;.
2300;.
2500;.
5100;.
2600;.
2300;.
2300;.
2300;.
2500;.
2400;.
2900;.
3700;.
3400;.
2600;.
2300;.
2300;.
2500;.
2200;.
2300;.
2200;.
2200;.
2200;.
2200;.
2100;.
2100;.
2200;.
2100;.
2200;.
2200;.
2200;.
2200;.
2200;.
2100;.
2200;.
2300;.
2200;.
2200;.
2100;.
2200;.
2200;.
2200;.
2100;.
2200;.
2200;.
2200;.
2200;.
2200;.
2100;.
2200;.
2200;.
2200;.
2200;.
2200;.
2300;.
2200;.
2100;.
2100;.
2300;.
2200;.
2200;.
2300;.
2200;.
2200;.
2200;.
2200;.
2100;.
2200;.
2100;.
2200;.
2200;.
2100;.
2200;.
2200;.
2200;.
2200;.
2200;.
2100;.
2200;.
2200;.
2200;.
2200;.
2200;.
3100;.
2200;.
2200;.
2100;.
2200;.
2500;.
5600;.
3600;.
2300;.
2300;.
2300;.
2200;.
2200;.
2200;.
2200;.
2100;.
2100;.
2200;.
2100;.
2100;.
2100;.
2200;.
2100;.
2100;.
2200;.
2100;.
2100;.
2200;.
2200;.
2100;.
2200;.
2100;.
2100;.
2200;.
2200;.
2200;.
2000;.
2100;.
2100;.
2100;.
2200;.
2300;.
2100;.
2300;.
2200;.
2300;.
2200;.
2100;.
2200;.
2200;.
2200;.
2600;.
2200;.
2200;.
2100;.
2200;.
2200;.
2200;.
2100;.
2100;.
2100;.
2100;.
2200;.
2100;.
2200;.
2100;.
2300;.
2100;.
2100;.
2100;.
2100;.
2200;.
2100;.
2200;.
2400;.
;.
2200;.
2200;.
2100;.
2200;.
2100;.
2200;.
2100;.
2100;.
2200;.
2100;.
2100;.
2100;.
2100;.
2100;.
2200;.
2100;.
2200;.
3000;.
2200;.
2100;.
2100;.
2100;.
2400;.
2200;.
2100;.
2100;.
2200;.
2100;.
2100;.
2100;.
2100;.
2100;.
2200;.
2300;.
2100;.
2100;.
2100;.
2100;.
2200;.
2100;.
2100;.
2200;.
2200;.
2100;.
2100;.
2100;.
2500;.
2200;.
2100;.
2000;.
2100;.
2100;.
2200;.
2200;.
2100;.
2100;.
2100;.
2100;.
2100;.
2100;.
2100;.
2100;.
2100;.
2200;.
2100;.
2100;.
2200;.
2100;.
2100;.
;.
2300;.
2200;.
2200;.
2100;.
2100;.
2100;.
2200;.
2100;.
2100;.
2200;.
2100;.
2200;.
2100;.
2000;.
2200;.
2100;.
2100;.
3000;.
2100;.
2200;.
2200;.
2100;.
2100;.
2100;.
2200;.
2100;.
2100;.
2200;.
2100;.
2100;.
2200;.
2200;.
2100;.
2100;.
2100;.
2100;.
2100;.
2100;.
2200;.
2100;.
2900;.
2200;.
2100;.
2100;.
2200;.
2100;.
2200;.
2100;.
2100;.
2100;.
2100;.
2200;.
2200;.
2100;.
2100;.
2100;.
2100;.
2200;.
2200;.
2100;.
2100;.
2100;.
2100;.
2100;.
2100;.
2100;.
2200;.
2100;.
2100;.
2200;.
2100;.
2100;.
2100;.
2100;.
2100;.
2100;.
2100;.
2100;.
2100;.
2100;.
2100;.
2100;.
2200;.
2100;.
2200;.
2100;.
2200;.
2100;.
2100;.
2100;.
2200;.
2100;.
2100;.
2100;.
2100;.
2300;.
2200;.
2200;.
2200;.
2000;.
2100;.
2100;.
2100;.
2100;.
2100;.
2000;.
2100;.
2200;.
2100;.
2100;.
3000;.
2100;.
2200;.
2200;.
2200;.
2200;.
2200;.
2200;.
2100;.
2100;.
2100;.
2100;.
2100;.
2100;.
2100;.
2100;.
2100;.
2100;.
2200;.
2100;.
2100;.
2100;.
2200;.
2100;.
2200;.
2200;.
2100;.
2200;.
2000;.
2200;.
2200;.
2100;.
2200;.
2200;.
2100;.
2100;.
2100;.
2100;.
2100;.
2100;.
2100;.
2000;.
2100;.
2100;.
2200;.
2100;.
2000;.
2100;.
2100;.
2100;.
2100;.
2100;.
2200;.
2100;.
2000;.
2100;.
2200;.
2100;.
2200;.
2100;.
2200;.
2200;.
2200;.
2100;.
2200;.
2200;.
2200;.
2100;.
2100;.
2200;.
2100;.
2100;.
2100;.
2100;.
2100;.
2100;.
2100;.
2100;.
2100;.
2100;.
2100;.
2100;.
2100;.
2200;.
2100;.
2100;.
2100;.
2000;.
2100;.
2100;.
2100;.
2100;.
2100;.
2900;.
2200;.
2100;.
2100;.
2100;.
2100;.
2100;.
2100;.
2100;.
2100;.
2100;.
2100;.
2100;.
2100;.
2100;.
2200;.
2100;.
2100;.
2100;.
2100;.
2100;.
2100;.
2100;.
2100;.
2100;.
2000;.
2100;.
2100;.
2100;.
2100;.
2100;.
2200;.
2100;.
2100;.
2100;.
2100;.
2100;.
2100;.
2100;.
2100;.
2100;.
2100;.
2100;.
2200;.
2100;.
2100;.
2100;.
2200;.
2500;.
4700;.
3300;.
2300;.
2100;.
2200;.
2300;.
2400;.
2100;.
2100;.
2100;.
3300;.
2500;.
2200;.
2200;.
2100;.
2100;.
2200;.
2000;.
2200;.
2000;.
2200;.
3100;.
2200;.
2100;.
2100;.
2100;.
2100;.
2200;.
2100;.
2000;.
2100;.
2100;.
2200;.
2200;.
2600;.
2100;.
2100;.
2200;.
2200;.
2100;.
2100;.
2100;.
2100;.
2200;.
2900;.
2100;.
2200;.
2200;.
2100;.
2100;.
2200;.
2100;.
2100;.
2100;.
2100;.
2200;.
2100;.
2100;.
2100;.
2100;.
2100;.
2100;.
2100;.
2200;.
2100;.
2100;.
2100;.
2200;.
2200;.
2200;.
2200;.
2100;.
2100;.
2700;.
2400;.
2100;.
2100;.
2200;.
2200;.
2200;.
2200;.
2100;.
2200;.
2100;.
2100;.
2100;.
2100;.
2100;.
2100;.
2100;.
2100;.
2100;.
2100;.
2100;.
2200;.
2000;.
2100;.
2200;.
2100;.
2100;.
2200;.
2200;.
2100;.
2100;.
2100;.
2700;.
2500;.
2200;.
2100;.
2200;.
2200;.
2200;.
2400;.
2200;.
3000;.
2200;.
2200;.
2100;.
2100;.
2200;.
2100;.
2100;.
2200;.
2100;.
2100;.
2200;.
2100;.
2000;.
2100;.
2500;.
2200;.
2300;.
2100;.
2200;.
2100;.
2100;.
2000;.
2100;.
2200;.
2000;.
2100;.
2100;.
2100;.
2100;.
2100;.
2100;.
2100;.
2000;.
2200;.
2100;.
2100;.
2000;.
2100;.
2200;.
2200;.
2100;.
2100;.
2100;.
2100;.
2100;.
2100;.
2000;.
2100;.
2100;.
2100;.
2100;.
2300;.
2100;.
2000;.
2000;.
2000;.
2000;.
2100;.
2000;.
2100;.
2100;.
2100;.
2100;.
2100;.
2000;.
2100;.
2100;.
2100;.
2100;.
2100;.
2100;.
2100;.
2100;.
2100;.
2100;.
2100;.
2100;.
2100;.
2100;.
2100;.
2100;.
2100;.
2100;.
2100;.
2200;.
2200;.
2200;.
2200;.
2100;.
2100;.
2100;.
2200;.
2900;.
2100;.
2100;.
2200;.
2100;.
2200;.
2100;.
2200;.
2000;.
2100;.
2000;.
2100;.
2200;.
2200;.
2000;.
2100;.
2000;.
2000;.
2100;.
2400;.
2100;.
2100;.
2100;.
2100;.
2100;.
2100;.
2000;.
2100;.
2100;.
2200;.
2300;.
2100;.
2100;.
2100;.
2100;.
2000;.
2100;.
2100;.
2100;.
2100;.
2100;.
2100;.
2100;.
2100;.
2000;.
2200;.
2100;.
2200;.
2100;.
2100;.
2200;.
2100;.
2100;.
2100;.
2100;.
2100;.
2200;.
2100;.
2100;.
2100;.
2100;.
2100;.
2100;.
2100;.
2100;.
2100;.
2100;.
2200;.
2100;.
2200;.
3000;.
2200;.
2000;.
2200;.
2200;.
2200;.
2100;.
2200;.
2100;.
2000;.
2200;.
2100;.
2200;.
2100;.
2100;.
2200;.
2100;.
2100;.
2000;.
2100;.
2100;.
2200;.
2100;.
2900;.
2200;.
2200;.
2200;.
2100;.
2300;.
2200;.
2100;.
2100;.
2100;.
2200;.
2200;.
2300;.
2100;.
2200;.
2200;.
2100;.
2100;.
2100;.
2200;.
2100;.
2100;.
2100;.
2200;.
2100;.
2200;.
2100;.
2100;.
2100;.
2100;.
2100;.
2100;.
2200;.
2100;.
2100;.
2100;.
2100;.
2100;.
2200;.
2200;.
2100;.
2000;.
2200;.
2100;.
2100;.
2200;.
2200;.
2100;.
2100;.
2100;.
2100;.
2200;.
2100;.
2100;.
2100;.
2100;.
2100;.
2100;.
2100;.
2100;.
2100;.
2100;.
2100;.
2200;.
2100;.
2100;.
2100;.
2100;.
2100;.
2100;.
3000;.
2100;.
2100;.
2100;.
2100;.
2100;.
2200;.
2100;.
2000;.
2100;.
2000;.
2100;.
2100;.
2200;.
2100;.
2200;.
2100;.
2000;.
2100;.
2100;.
2100;.
2100;.
2100;.
2100;.
2100;.
2100;.
2100;.
2100;.
2000;.
2200;.
2100;.
2100;.
2100;.
2100;.
2200;.
2200;.
2200;.
2200;.
2200;.
2100;.
2100;.
2200;.
2600;.
2100;.
2100;.
2100;.
2200;.
2200;.
2200;.
2200;.
2100;.
2100;.
2100;.
2100;.
2100;.
2100;.
2100;.
2100;.
2100;.
2100;.
2200;.
2100;.
2100;.
2000;.
2100;.
2200;.
2000;.
2100;.
2100;.
2100;.
2200;.
2200;.
2200;.
2100;.
2000;.
2100;.
2100;.
2100;.
2100;.
2200;.
2000;.
2100;.
2100;.
2200;.
2100;.
2200;.
2100;.
2100;.
2200;.
2000;.
3500;.
2600;.
2300;.
3100;.
2100;.
2100;.
2200;.
2200;.
2100;.
2100;.
2100;.
2200;.
2100;.
2100;.
2100;.
2100;.
2100;.
2100;.
2100;.
2000;.
2000;.
2100;.
2100;.
2100;.
2100;.
2200;.
2100;.
2100;.
2100;.
2200;.
2100;.
2100;.
2200;.
2100;.
2100;.
2200;.
2200;.
2200;.
2100;.
2100;.
2100;.
2000;.
2100;.
2100;.
2100;.
2100;.
2100;.
2100;.
2100;.
2000;.
2100;.
2100;.
2000;.
2100;.
2100;.
2100;.
2100;.
2100;.
2100;.
2300;.
2000;.
2100;.
2000;.
2100;.
2200;.
2100;.
2000;.
2100;.
2100;.
2100;.
2200;.
2200;.
2100;.
2900;.
2000;.
2200;.
2100;.
2100;.
2200;.
2200;.
2100;.
2100;.
2100;.
2100;.
2200;.
2100;.
2100;.
2000;.
2100;.
2200;.
2100;.
2100;.
2100;.
2000;.
2100;.
2200;.
2900;.
2100;.
2200;.
2200;.
2100;.
2100;.
2100;.
2100;.
2100;.
2100;.
2100;.
2100;.
2000;.
2000;.
2100;.
2200;.
2100;.
2100;.
2000;.
2100;.
2100;.
2100;.
2100;.
2100;.
2100;.
2100;.
2100;.
2000;.
2100;.
2100;.
2100;.
2000;.
2100;.
2100;.
2100;.
2100;.
2100;.
2100;.
2000;.
2200;.
2000;.
2100;.
2100;.
2000;.
2200;.
2100;.
2100;.
2100;.
2500;.
2200;.
2200;.
2100;.
2100;.
2100;.
2000;.
2100;.
2000;.
2200;.
2000;.
2100;.
2000;.
2100;.
2100;.
2200;.
2100;.
2000;.
2200;.
2100;.
2100;.
2100;.
2900;.
2100;.
2100;.
2200;.
2100;.
2800;.
2200;.
2200;.
2100;.
2200;.
2200;.
2200;.
2100;.
2100;.
2100;.
2200;.
2100;.
2000;.
2100;.
2100;.
2100;.
2100;.
2000;.
2100;.
2100;.
2100;.
2100;.
2100;.
2000;.
2100;.
2100;.
2100;.
2100;.
2000;.
2000;.
2200;.
2100;.
2200;.
2100;.
2200;.
2100;.
2100;.
2100;.
2100;.
2100;.
2100;.
2100;.
2200;.
2100;.
2100;.
2100;.
2100;.
2100;.
2100;.
2100;.
2200;.
2100;.
2100;.
2100;.
2100;.
2100;.
2100;.
2100;.
2300;.
2100;.
2100;.
2100;.
2100;.
2100;.
2100;.
2100;.
2100;.
2100;.
2200;.
2100;.
2100;.
2100;.
2100;.
2100;.
2100;.
2100;.
2200;.
2100;.
2200;.
2100;.
2100;.
2000;.
2200;.
2100;.
2100;.
2100;.
2100;.
2100;.
2900;.
2100;.
2200;.
2100;.
2100;.
2200;.
2100;.
2100;.
2100;.
2100;.
2000;.
2100;.
2100;.
2200;.
2100;.
2100;.
2100;.
2100;.
2100;.
2000;.
2100;.
2100;.
2100;.
2100;.
2000;.
2100;.
2100;.
2100;.
2100;.
2200;.
2100;.
2000;.
2200;.
2100;.
2100;.
2100;.
2100;.
2100;.
2200;.
2100;.
2100;.
2100;.
2100;.
2100;.
2100;.
2100;.
2100;.
2200;.
2200;.
2200;.
2100;.
2000;.
2100;.
2200;.
2100;.
2200;.
2100;.
2200;.
2000;.
2100;.
2100;.
2100;.
2100;.
2000;.
2100;.
2200;.
2100;.
2200;.
2100;.
2100;.
2900;.
2100;.
2100;.
2100;.
2200;.
2100;.
2100;.
2300;.
2100;.
2000;.
2100;.
2100;.
2100;.
2200;.
2100;.
2100;.
2100;.
2200;.
2100;.
2100;.
2100;.
2100;.
2200;.
2900;.
2200;.
2200;.
2100;.
2000;.
2100;.
2100;.
2100;.
2600;.
2100;.
2100;.
2200;.
2200;.
2200;.
2200;.
2100;.
2100;.
2100;.
2200;.
2100;.
2200;.
2200;.
2100;.
2300;.
2200;.
2100;.
2100;.
2100;.
2100;.
2200;.
2200;.
2200;.
2200;.
2200;.
2200;.
2200;.
2200;.
2200;.
2100;.
2100;.
2200;.
2100;.
2200;.
2100;.
2100;.
2200;.
2200;.
2100;.
2100;.
2100;.
2100;.
2100;.
2100;.
2200;.
2100;.
2100;.
2100;.
2100;.
2100;.
2200;.
2100;.
2100;.
2100;.
2100;.
2100;.
2200;.
2200;.
2100;.
4100;.
4200;.
;.
2300;.
2200;.
2200;.
2200;.
2100;.
2200;.
2100;.
2200;.
2100;.
2200;.
2200;.
2200;.
2100;.
2200;.
2200;.
2200;.
2200;.
2200;.
2100;.
2400;.
2200;.
2100;.
2100;.
2200;.
2200;.
2100;.
2200;.
2100;.
2100;.
2200;.
2200;.
2100;.
2200;.
2100;.
2100;.
2100;.
2200;.
2200;.
2100;.
2200;.
2100;.
2100;.
2100;.
2200;.
2200;.
2100;.
2200;.
2200;.
2100;.
2100;.
2200;.
2100;.
2100;.
2100;.
2100;.
2200;.
2200;.
2100;.
2100;.
2100;.
2100;.
2200;.
2100;.
2200;.
2100;.
2200;.
2100;.
2100;.
2100;.
2100;.
2200;.
2200;.
2100;.
2100;.
2100;.
2100;.
2200;.
2200;.
2100;.
2100;.
2100;.
2100;.
2200;.
2100;.
2200;.
2100;.
2200;.
2100;.
2100;.
2100;.
2100;.
2200;.
2900;.
2100;.
2000;.
2100;.
2000;.
2200;.
2100;.
2100;.
2100;.
2100;.
2100;.
2100;.
2300;.
2100;.
2100;.
2100;.
2100;.
2100;.
2200;.
2100;.
2100;.
2100;.
2100;.
2200;.
2200;.
2200;.
2200;.
2200;.
2200;.
2100;.
2100;.
2100;.
2100;.
2100;.
2100;.
;.
2100;.
2200;.
2000;.
2200;.
2100;.
2100;.
2100;.
2100;.
2200;.
2200;.
2200;.
2100;.
2300;.
2100;.
2100;.
2100;.
2100;.
2100;.
2000;.
2200;.
2100;.
2100;.
2100;.
2100;.
2200;.
2200;.
2100;.
2100;.
2100;.
2100;.
2100;.
2100;.
2100;.
2200;.
3000;.
2300;.
2300;.
2200;.
2300;.
2100;.
2200;.
2300;.
2200;.
2100;.
2100;.
2100;.
2100;.
2100;.
2200;.
2100;.
2000;.
2100;.
2100;.
2000;.
2100;.
2200;.
2100;.
2900;.
2100;.
2100;.
2100;.
2000;.
2200;.
2100;.
2100;.
2100;.
2100;.
2200;.
2100;.
2100;.
2000;.
2200;.
2100;.
2100;.
2200;.
2100;.
2100;.
2100;.
2100;.
2100;.
2100;.
2100;.
2100;.
2100;.
2100;.
2200;.
2100;.
2000;.
2000;.
2200;.
2100;.
2100;.
2000;.
2000;.
2100;.
2200;.
2100;.
2200;.
2100;.
2000;.
2000;.
2100;.
2100;.
2200;.
2100;.
2100;.
2100;.
2100;.
2100;.
2100;.
2100;.
2200;.
2100;.
2100;.
2200;.
2100;.
2100;.
2200;.
2100;.
2100;.
2100;.
2100;.
2200;.
2100;.
2100;.
2200;.
2100;.
2900;.
2100;.
2100;.
2200;.
2200;.
2100;.
2100;.
2100;.
2100;.
2100;.
2100;.
2200;.
2100;.
2200;.
2900;.
2200;.
2200;.
2200;.
2100;.
2000;.
2100;.
2100;.
2100;.
2100;.
2200;.
2200;.
2100;.
2200;.
2100;.
2100;.
2100;.
2100;.
2200;.
2100;.
2100;.
2100;.
2000;.
2200;.
2100;.
2000;.
2200;.
2100;.
2200;.
2100;.
2100;.
2100;.
2100;.
2200;.
2100;.
2300;.
2200;.
2100;.
2200;.
2100;.
2100;.
2100;.
2200;.
2100;.
2000;.
2200;.
2200;.
2100;.
2200;.
2200;.
2100;.
2100;.
2100;.
2100;.
2200;.
2100;.
2100;.
2200;.
2200;.
2100;.
2300;.
2100;.
2200;.
2100;.
2100;.
2100;.
2100;.
2100;.
2200;.
2100;.
2200;.
2100;.
2200;.
2100;.
2100;.
2100;.
2200;.
2100;.
2100;.
3000;.
2100;.
2200;.
2200;.
2100;.
2100;.
2100;.
2200;.
2100;.
2100;.
2100;.
2100;.
2200;.
2100;.
2200;.
2300;.
2300;.
2100;.
2100;.
2100;.
2200;.
2300;.
2400;.
2200;.
2100;.
2300;.
2200;.
2200;.
2100;.
2400;.
2300;.
3000;.
2100;.
2200;.
2200;.
2300;.
2300;.
2300;.
2100;.
2100;.
2100;.
2100;.
2200;.
2200;.
2200;.
2100;.
2200;.
2100;.
2100;.
2100;.
2400;.
2300;.
2200;.
2200;.
2100;.
2100;.
2100;.
2100;.
2200;.
2200;.
2100;.
2100;.
2100;.
2100;.
2100;.
2100;.
2100;.
2200;.
2100;.
2200;.
2900;.
2100;.
2100;.
2200;.
2400;.
2200;.
2200;.
2100;.
2100;.
2100;.
2200;.
2100;.
2100;.
2200;.
2100;.
2100;.
2200;.
2300;.
2000;.
2200;.
2100;.
2100;.
2100;.
2900;.
2100;.
2100;.
2100;.
2100;.
2200;.
2200;.
2200;.
2100;.
2100;.
2300;.
2100;.
2200;.
2100;.
2100;.
2200;.
2200;.
2400;.
2100;.
2200;.
2200;.
2200;.
2200;.
2300;.
2100;.
2100;.
2200;.
2300;.
2200;.
2100;.
2000;.
2200;.
2100;.
2100;.
2200;.
2100;.
2100;.
2100;.
2200;.
2100;.
2200;.
2100;.
2200;.
2100;.
2100;.
2100;.
2100;.
2200;.
2200;.
2100;.
2100;.
2200;.
2100;.
2100;.
2100;.
2100;.
2100;.
2100;.
2100;.
2100;.
2200;.
2100;.
2100;.
2200;.
2100;.
2100;.
2100;.
2100;.
2100;.
2100;.
2900;.
2100;.
2100;.
2100;.
2100;.
2200;.
2100;.
2100;.
2200;.
2100;.
2100;.
2100;.
2100;.
2100;.
2100;.
2200;.
2100;.
2100;.
2000;.
2000;.
2000;.
2000;.
2100;.
2200;.
2100;.
2100;.
2100;.
2100;.
2100;.
2100;.
2200;.
2200;.
2100;.
2100;.
2300;.
2100;.
2200;.
2200;.
2100;.
2100;.
2100;.
2100;.
2100;.
2300;.
2300;.
2000;.
2100;.
2100;.
2100;.
2300;.
2300;.
2400;.
2200;.
2100;.
2100;.
2100;.
2100;.
2000;.
2100;.
2100;.
2100;.
2100;.
2100;.
2100;.
2200;.
2100;.
2200;.
2100;.
2100;.
2100;.
2100;.
2100;.
2100;.
2100;.
2200;.
2100;.
2100;.
2100;.
2100;.
2000;.
2100;.
2200;.
2100;.
2100;.
2100;.
2100;.
2100;.
2200;.
2100;.
2100;.
2200;.
2200;.
2200;.
3000;.
2100;.
2100;.
2100;.
2100;.
2100;.
2100;.
2100;.
2200;.
2100;.
2200;.
2100;.
2000;.
2000;.
2100;.
2100;.
2200;.
2100;.
2100;.
2100;.
2100;.
2600;.
2100;.
2100;.
2200;.
2100;.
2100;.
2100;.
2100;.
2100;.
2100;.
2100;.
2100;.
2100;.
2000;.
2100;.
2200;.
2000;.
2100;.
2200;.
2100;.
2100;.
2200;.
2100;.
2100;.
2600;.
2400;.
2100;.
2200;.
2100;.
2100;.
2100;.
2200;.
2100;.
2100;.
2100;.
2200;.
2200;.
2100;.
2200;.
2100;.
2100;.
2100;.
2100;.
2100;.
2200;.
2100;.
2100;.
2200;.
2100;.
3000;.
2100;.
2100;.
2100;.
2100;.
2100;.
2100;.
2100;.
2100;.
2100;.
2100;.
2100;.
2100;.
2100;.
2100;.
2100;.
2200;.
2100;.
2100;.
2100;.
2100;.
2000;.
2200;.
2900;.
2100;.
2100;.
2200;.
2100;.
2100;.
2100;.
2200;.
2200;.
2200;.
2100;.
2100;.
2100;.
2200;.
2100;.
2100;.
2100;.
2100;.
2100;.
2100;.
2100;.
2200;.
2100;.
2200;.
2100;.
2100;.
2200;.
2100;.
2100;.
2100;.
2100;.
2000;.
2100;.
2200;.
2100;.
2200;.
2100;.
2100;.
2100;.
2200;.
2200;.
2100;.
2100;.
2100;.
2100;.
2100;.
2100;.
2200;.
2200;.
2100;.
2100;.
2100;.
2200;.
2100;.
2100;.
2100;.
2100;.
2100;.
2100;.
2100;.
2100;.
2100;.
2100;.
2100;.
2200;.
2100;.
2200;.
2100;.
2100;.
2000;.
3200;.
2200;.
2100;.
2000;.
2100;.
2100;.
2100;.
2100;.
2100;.
2100;.
2100;.
2100;.
2100;.
2100;.
2100;.
2100;.
2100;.
2100;.
2100;.
2100;.
2100;.
2100;.
2200;.
2000;.
2100;.
2100;.
2100;.
2100;.
2100;.
2200;.
2100;.
2000;.
4200;.
2300;.
2100;.
2100;.
2100;.
2100;.
2200;.
2100;.
2100;.
2000;.
2100;.
2200;.
2100;.
2100;.
2000;.
2000;.
2100;.
2100;.
2100;.
2100;.
2100;.
2100;.
2100;.
2000;.
2000;.
2000;.
2200;.
2200;.
2100;.
2200;.
2100;.
2100;.
2100;.
2100;.
2100;.
2300;.
2300;.
2100;.
2100;.
2100;.
2200;.
2100;.
2100;.
2200;.
2100;.
2100;.
2100;.
2200;.
2100;.
2200;.
2200;.
2100;.
2200;.
2100;.
2100;.
2100;.
2100;.
2100;.
2200;.
2200;.
2100;.
3100;.
2100;.
2200;.
2100;.
2100;.
2000;.
2100;.
2100;.
2200;.
2100;.
2000;.
2100;.
2100;.
2100;.
2100;.
2100;.
2100;.
2100;.
2100;.
2100;.
2100;.
2000;.
2100;.
2100;.
2100;.
2100;.
2100;.
2100;.
2100;.
2100;.
2100;.
2000;.
2100;.
2000;.
2100;.
2100;.
2100;.
2100;.
2200;.
2100;.
2100;.
2100;.
2200;.
2100;.
2200;.
2100;.
2100;.
2100;.
2100;.
2000;.
2200;.
2100;.
2200;.
2100;.
2100;.
2100;.
2100;.
2100;.
2000;.
2100;.
2000;.
2200;.
2000;.
2200;.
2200;.
2100;.
2200;.
2100;.
2200;.
2200;.
3000;.
2200;.
2100;.
2100;.
2100;.
2100;.
2200;.
2100;.
2100;.
2200;.
2200;.
2100;.
2200;.
2100;.
2100;.
2100;.
2200;.
2100;.
2100;.
2100;.
2100;.
2000;.
2000;.
2900;.
2100;.
2200;.
2100;.
2100;.
2200;.
2200;.
2100;.
2200;.
2200;.
2200;.
2100;.
2100;.
2200;.
2100;.
2100;.
2200;.
2100;.
2200;.
2200;.
2300;.
2100;.
2100;.
2100;.
2100;.
2200;.
2100;.
2100;.
2100;.
2100;.
2200;.
2200;.
2100;.
2200;.
2100;.
2200;.
2100;.
2700;.
3000;.
2800;.
2600;.
2400;.
3600;.
2300;.
2200;.
3400;.
2100;.
2400;.
2700;.
5600;.
3300;.
2700;.
4100;.
2900;.
;.
2400;.
2100;.
2100;.
2200;.
2600;.
2600;.
2800;.
2900;.
2700;.
3300;.
2800;.
2900;.
3200;.
2700;.
2600;.
;.
2600;.
2500;.
2600;.
2300;.
2700;.
2500;.
5100;.
2500;.
3200;.
3100;.
2400;.
3000;.
2600;.
;.
4900;.
2800;.
2500;.
2300;.
2500;.
2300;.
4000;.
2500;.
2300;.
2200;.
2200;.
2200;.
2300;.
2200;.
2200;.
2300;.
2200;.
2300;.
2200;.
2200;.
2200;.
2300;.
2300;.
2300;.
2200;.
2200;.
2200;.
2300;.
2200;.
2200;.
2200;.
2100;.
2200;.
2200;.
2100;.
2200;.
2200;.
2200;.
2200;.
2200;.
2200;.
2200;.
2200;.
2300;.
2200;.
2200;.
2200;.
2200;.
2200;.
2200;.
2200;.
2200;.
2100;.
2200;.
2200;.
2200;.
2100;.
2200;.
2200;.
2100;.
2200;.
2200;.
2200;.
2300;.
2200;.
2200;.
2100;.
2200;.
2200;.
2200;.
2300;.
2500;.
2300;.
2300;.
2200;.
2200;.
2200;.
2200;.
3100;.
2200;.
2200;.
2200;.
2300;.
2200;.
2200;.
2200;.
2200;.
2300;.
2200;.
2200;.
2200;.
2100;.
2200;.
2200;.
2200;.
2200;.
2200;.
2200;.
2200;.
2200;.
2100;.
2200;.
2200;.
2200;.
2100;.
2200;.
2200;.
2200;.
2100;.
2200;.
2200;.
2100;.
2000;.
2100;.
2100;.
2200;.
2100;.
2100;.
2100;.
2200;.
2300;.
2300;.
2100;.
2200;.
2200;.
2100;.
2200;.
2200;.
2100;.
2200;.
2200;.
2300;.
2300;.
2300;.
2200;.
2100;.
2100;.
2200;.
2100;.
2300;.
2100;.
2300;.
2100;.
2100;.
2200;.
2200;.
2100;.
2000;.
3000;.
2200;.
2100;.
2100;.
2200;.
2100;.
2200;.
2200;.
2100;.
2200;.
2200;.
2100;.
2200;.
2200;.
2200;.
2200;.
2100;.
2200;.
2000;.
2400;.
2100;.
2200;.
2200;.
2900;.
2100;.
2100;.
2200;.
2200;.
2200;.
2100;.
2200;.
2200;.
2100;.
2200;.
2200;.
2100;.
2200;.
2200;.
2200;.
2200;.
2200;.
2200;.
2100;.
2200;.
2000;.
2100;.
2200;.
2100;.
2100;.
2200;.
2200;.
2200;.
2200;.
2200;.
2200;.
2200;.
2200;.
2100;.
2200;.
2200;.
2100;.
2100;.
2100;.
2200;.
2100;.
2200;.
2100;.
2300;.
2200;.
2200;.
2100;.
2100;.
2200;.
2300;.
2200;.
2200;.
2100;.
2100;.
2000;.
2100;.
2200;.
2200;.
2100;.
2100;.
2100;.
2200;.
2100;.
2100;.
2100;.
2100;.
2200;.
2100;.
2000;.
3000;.
2200;.
2100;.
2200;.
2100;.
2200;.
2200;.
2200;.
2200;.
2100;.
2100;.
2200;.
2200;.
2100;.
2200;.
2200;.
2200;.
2100;.
2200;.
2100;.
2300;.
2300;.
2100;.
2100;.
2200;.
2100;.
2300;.
2100;.
2200;.
2100;.
2100;.
2100;.
2200;.
2200;.
2200;.
2100;.
2200;.
2100;.
2200;.
2100;.
2200;.
2200;.
2200;.
2100;.
2100;.
2200;.
2100;.
2200;.
2100;.
2100;.
2100;.
2100;.
2100;.
2100;.
2200;.
2100;.
2200;.
2200;.
2700;.
2100;.
2200;.
2100;.
2200;.
2200;.
2300;.
2200;.
2100;.
2100;.
2200;.
2100;.
2200;.
2100;.
2100;.
2200;.
2100;.
2100;.
2200;.
2200;.
2100;.
2200;.
2200;.
2200;.
2100;.
2100;.
2100;.
2200;.
2200;.
2100;.
2100;.
2100;.
2100;.
2200;.
2200;.
3000;.
2100;.
2200;.
2200;.
2100;.
2100;.
2100;.
2200;.
2200;.
2100;.
2100;.
2100;.
2200;.
2100;.
2300;.
2200;.
2100;.
2100;.
2200;.
2100;.
2100;.
2100;.
2100;.
2200;.
2300;.
2100;.
2200;.
2100;.
2100;.
2200;.
2100;.
2100;.
2100;.
2100;.
2200;.
2200;.
2100;.
2200;.
2100;.
2100;.
2100;.
2200;.
2100;.
2100;.
2100;.
2200;.
2100;.
2100;.
2200;.
2100;.
2100;.
2100;.
2200;.
2200;.
2200;.
2200;.
2000;.
2100;.
2200;.
2100;.
2100;.
2200;.
2100;.
2100;.
2100;.
2200;.
2200;.
2100;.
2200;.
2100;.
3000;.
2100;.
2200;.
2100;.
2200;.
2100;.
2100;.
2100;.
2100;.
2200;.
2100;.
2100;.
2100;.
2100;.
2200;.
2100;.
2100;.
2200;.
2200;.
2100;.
2100;.
2100;.
2100;.
3000;.
2100;.
2200;.
2100;.
2200;.
2100;.
2200;.
2100;.
2200;.
2100;.
2200;.
2100;.
2200;.
2200;.
2200;.
2200;.
2100;.
2200;.
2100;.
2100;.
2100;.
2200;.
2100;.
2000;.
2200;.
2100;.
2300;.
2100;.
2100;.
2200;.
2100;.
2300;.
2100;.
2200;.
2100;.
2100;.
2100;.
2100;.
2100;.
2100;.
2100;.
2100;.
2200;.
2200;.
2200;.
2100;.
2100;.
2100;.
2200;.
2200;.
2100;.
2100;.
2100;.
2100;.
2100;.
2100;.
2200;.
2100;.
2100;.
2100;.
2100;.
2300;.
2100;.
2100;.
2200;.
2200;.
2200;.
2100;.
2300;.
2200;.
2900;.
2200;.
2100;.
2100;.
2200;.
2200;.
2000;.
2100;.
2100;.
2100;.
2100;.
2200;.
2200;.
2200;.
2100;.
2100;.
2200;.
2200;.
2200;.
2200;.
2100;.
2100;.
2100;.
2100;.
2200;.
2200;.
2100;.
2100;.
2200;.
2200;.
2100;.
2100;.
2100;.
2200;.
2100;.
2100;.
2200;.
2100;.
2100;.
2100;.
2100;.
2100;.
2100;.
2100;.
2100;.
2100;.
2200;.
2200;.
2100;.
2100;.
2100;.
2100;.
2600;.
2300;.
2200;.
2200;.
2200;.
2200;.
2000;.
2300;.
2200;.
2100;.
2200;.
2100;.
2100;.
2100;.
2100;.
2200;.
2200;.
2100;.
2200;.
2100;.
2100;.
2200;.
2100;.
2100;.
2000;.
2200;.
2100;.
2100;.
2100;.
2100;.
2200;.
2100;.
2200;.
2100;.
2100;.
2100;.
2100;.
2100;.
2200;.
2200;.
2100;.
3000;.
2100;.
2100;.
2100;.
2100;.
2000;.
2100;.
2100;.
2100;.
2200;.
2100;.
2100;.
2200;.
2100;.
2100;.
2000;.
2100;.
2200;.
2100;.
2200;.
2200;.
2200;.
2200;.
2200;.
2100;.
2100;.
2100;.
